Timestamp,Device_id,Sensor_type,Value,Unit,Status,Battery_Level(%),Charging_Status,Speed(km/h),GPS_Lat,GPS_Long,Motor_Temp(°C),Tire_Pressure(psi)
2025-08-29T08:15:00.000+05:30,ev-sensor-2,vibration,0.12,g,warning,50,discharging,90.7,12.970347,77.596532,98.3,33.7
2025-08-29T08:15:10.000+05:30,ev-sensor-1,temperature,74.39,°C,error,36,discharging,43.6,12.966843,77.584346,84.3,32.8
2025-08-29T08:15:20.000+05:30,ev-sensor-5,pressure,986.11,hPa,error,85,discharging,117.9,12.964041,77.593338,48.3,33.4
2025-08-29T08:15:30.000+05:30,ev-sensor-5,vibration,0.19,g,normal,17,charging,7.4,12.963635,77.584904,66.7,31.5
2025-08-29T08:15:40.000+05:30,ev-sensor-4,pressure,948.74,hPa,error,65,charging,40.4,12.962305,77.585465,81.5,28.9
2025-08-29T08:15:50.000+05:30,ev-sensor-2,humidity,80.12,%,warning,53,discharging,36.6,12.978188,77.58635,96.4,28.0
2025-08-29T08:16:00.000+05:30,ev-sensor-3,vibration,0.02,g,normal,99,charging,86.0,12.96333,77.593213,89.8,30.8
2025-08-29T08:16:10.000+05:30,ev-sensor-4,motion,1.0,bool,normal,49,discharging,70.9,12.967319,77.591687,81.1,32.4
2025-08-29T08:16:20.000+05:30,ev-sensor-2,humidity,38.63,%,warning,56,idle,1.1,12.977941,77.583269,84.0,30.0
2025-08-29T08:16:30.000+05:30,ev-sensor-1,humidity,47.19,%,warning,71,charging,95.9,12.972131,77.587961,63.1,31.5
2025-08-29T08:16:40.000+05:30,ev-sensor-3,pressure,1023.43,hPa,normal,80,charging,24.9,12.971749,77.58831,91.2,32.9
2025-08-29T08:16:50.000+05:30,ev-sensor-5,temperature,85.21,°C,warning,90,idle,98.3,12.9639,77.590195,41.8,28.3
2025-08-29T08:17:00.000+05:30,ev-sensor-1,motion,1.0,bool,error,95,idle,41.7,12.963835,77.597738,55.5,28.8
2025-08-29T08:17:10.000+05:30,ev-sensor-1,pressure,928.61,hPa,warning,81,idle,59.1,12.965752,77.581887,47.7,30.9
2025-08-29T08:17:20.000+05:30,ev-sensor-1,vibration,0.04,g,error,63,discharging,48.6,12.960523,77.587704,83.4,31.2
2025-08-29T08:17:30.000+05:30,ev-sensor-1,motion,1.0,bool,warning,16,charging,106.1,12.974764,77.592163,42.6,31.1
2025-08-29T08:17:40.000+05:30,ev-sensor-3,motion,0.0,bool,error,17,discharging,2.7,12.964539,77.593189,72.0,33.2
2025-08-29T08:17:50.000+05:30,ev-sensor-1,motion,0.0,bool,error,12,discharging,3.1,12.961342,77.580063,99.8,29.2
2025-08-29T08:18:00.000+05:30,ev-sensor-4,humidity,40.06,%,error,52,discharging,101.3,12.973507,77.588077,63.3,33.3
2025-08-29T08:18:10.000+05:30,ev-sensor-5,vibration,0.12,g,error,87,idle,92.6,12.978509,77.585249,77.0,33.2
2025-08-29T08:18:20.000+05:30,ev-sensor-1,humidity,26.38,%,warning,75,discharging,63.7,12.977873,77.596069,99.5,32.1
2025-08-29T08:18:30.000+05:30,ev-sensor-2,pressure,959.18,hPa,error,57,charging,3.8,12.979695,77.590285,84.8,35.9
2025-08-29T08:18:40.000+05:30,ev-sensor-4,vibration,0.15,g,error,73,charging,9.4,12.97716,77.593535,89.6,28.8
2025-08-29T08:18:50.000+05:30,ev-sensor-3,temperature,84.39,°C,normal,82,charging,59.8,12.968351,77.580509,96.2,34.8
2025-08-29T08:19:00.000+05:30,ev-sensor-1,temperature,61.79,°C,warning,66,idle,91.9,12.961821,77.599669,91.9,33.2
2025-08-29T08:19:10.000+05:30,ev-sensor-1,temperature,81.32,°C,warning,60,discharging,58.3,12.97239,77.597293,68.6,31.2
2025-08-29T08:19:20.000+05:30,ev-sensor-5,temperature,95.0,°C,normal,84,idle,26.0,12.968854,77.59343,80.4,29.7
2025-08-29T08:19:30.000+05:30,ev-sensor-2,pressure,1032.78,hPa,normal,75,idle,32.6,12.960298,77.581573,92.8,31.1
2025-08-29T08:19:40.000+05:30,ev-sensor-4,motion,1.0,bool,warning,81,charging,44.7,12.963209,77.59327,78.3,29.7
2025-08-29T08:19:50.000+05:30,ev-sensor-2,temperature,71.57,°C,warning,63,discharging,19.4,12.965695,77.588314,55.1,34.8
2025-08-29T08:20:00.000+05:30,ev-sensor-2,humidity,40.2,%,warning,93,discharging,16.8,12.978396,77.581664,79.9,31.4
2025-08-29T08:20:10.000+05:30,ev-sensor-3,motion,1.0,bool,normal,49,idle,17.2,12.972036,77.589167,62.0,35.5
2025-08-29T08:20:20.000+05:30,ev-sensor-3,vibration,0.06,g,normal,86,idle,108.2,12.969671,77.597928,91.5,33.7
2025-08-29T08:20:30.000+05:30,ev-sensor-3,motion,1.0,bool,normal,80,idle,107.8,12.960797,77.599683,87.8,29.4
2025-08-29T08:20:40.000+05:30,ev-sensor-4,vibration,0.07,g,normal,89,charging,36.2,12.979373,77.596986,70.0,31.3
2025-08-29T08:20:50.000+05:30,ev-sensor-1,motion,1.0,bool,normal,92,discharging,117.1,12.973542,77.594373,84.3,30.0
2025-08-29T08:21:00.000+05:30,ev-sensor-5,temperature,61.72,°C,warning,63,idle,78.5,12.962903,77.586403,96.8,28.4
2025-08-29T08:21:10.000+05:30,ev-sensor-5,vibration,0.16,g,warning,71,idle,113.7,12.965644,77.589801,64.0,33.0
2025-08-29T08:21:20.000+05:30,ev-sensor-2,temperature,94.02,°C,normal,82,discharging,113.4,12.969887,77.598687,58.1,34.9
2025-08-29T08:21:30.000+05:30,ev-sensor-4,humidity,41.52,%,error,31,discharging,86.2,12.978786,77.588718,71.1,33.8
2025-08-29T08:21:40.000+05:30,ev-sensor-4,pressure,977.81,hPa,warning,31,discharging,92.0,12.964471,77.598329,43.5,32.9
2025-08-29T08:21:50.000+05:30,ev-sensor-1,motion,0.0,bool,warning,93,charging,80.9,12.969965,77.590984,42.3,28.9
2025-08-29T08:22:00.000+05:30,ev-sensor-5,motion,1.0,bool,warning,32,discharging,36.4,12.964905,77.580015,40.7,33.8
2025-08-29T08:22:10.000+05:30,ev-sensor-4,vibration,0.06,g,warning,50,charging,11.8,12.96845,77.589952,96.3,35.0
2025-08-29T08:22:20.000+05:30,ev-sensor-4,humidity,87.8,%,error,29,idle,11.5,12.975421,77.597981,46.4,35.6
2025-08-29T08:22:30.000+05:30,ev-sensor-1,vibration,0.13,g,normal,74,charging,61.2,12.971231,77.591621,57.4,29.8
2025-08-29T08:22:40.000+05:30,ev-sensor-5,humidity,45.59,%,error,33,charging,64.0,12.973957,77.58577,48.1,30.5
2025-08-29T08:22:50.000+05:30,ev-sensor-2,humidity,36.62,%,error,73,charging,9.5,12.9609,77.593867,87.4,34.6
2025-08-29T08:23:00.000+05:30,ev-sensor-4,motion,0.0,bool,error,30,discharging,101.0,12.968381,77.59487,70.5,33.6
2025-08-29T08:23:10.000+05:30,ev-sensor-3,temperature,69.44,°C,error,50,idle,5.4,12.960769,77.581377,68.1,28.2
2025-08-29T08:23:20.000+05:30,ev-sensor-5,motion,1.0,bool,warning,48,discharging,21.1,12.964589,77.595098,55.4,35.5
2025-08-29T08:23:30.000+05:30,ev-sensor-2,temperature,72.45,°C,warning,26,discharging,17.6,12.970984,77.597269,60.2,30.1
2025-08-29T08:23:40.000+05:30,ev-sensor-2,vibration,0.05,g,normal,99,discharging,35.3,12.97098,77.596269,64.8,34.1
2025-08-29T08:23:50.000+05:30,ev-sensor-3,temperature,83.0,°C,warning,20,discharging,28.4,12.968732,77.592477,53.4,30.7
2025-08-29T08:24:00.000+05:30,ev-sensor-5,temperature,90.44,°C,normal,56,charging,70.5,12.977525,77.597618,98.8,31.6
2025-08-29T08:24:10.000+05:30,ev-sensor-4,vibration,0.09,g,normal,73,discharging,90.9,12.977244,77.594781,67.9,31.7
2025-08-29T08:24:20.000+05:30,ev-sensor-3,vibration,0.08,g,normal,68,charging,100.3,12.976913,77.588871,72.7,28.8
2025-08-29T08:24:30.000+05:30,ev-sensor-2,motion,1.0,bool,error,90,discharging,25.7,12.960579,77.585368,45.7,32.0
2025-08-29T08:24:40.000+05:30,ev-sensor-4,humidity,24.27,%,normal,44,discharging,74.7,12.971194,77.582225,81.7,32.7
2025-08-29T08:24:50.000+05:30,ev-sensor-5,temperature,76.54,°C,warning,68,charging,27.1,12.970961,77.599712,87.5,29.3
2025-08-29T08:25:00.000+05:30,ev-sensor-1,temperature,72.55,°C,warning,69,idle,41.2,12.969817,77.59768,69.1,30.3
2025-08-29T08:25:10.000+05:30,ev-sensor-4,humidity,36.48,%,warning,73,discharging,19.1,12.967346,77.59196,73.5,31.2
2025-08-29T08:25:20.000+05:30,ev-sensor-3,motion,0.0,bool,warning,55,idle,37.1,12.976298,77.597625,97.8,34.7
2025-08-29T08:25:30.000+05:30,ev-sensor-1,humidity,61.54,%,normal,34,discharging,108.4,12.972747,77.586378,69.3,33.2
2025-08-29T08:25:40.000+05:30,ev-sensor-5,pressure,1096.41,hPa,normal,57,idle,103.7,12.965315,77.582249,61.4,30.7
2025-08-29T08:25:50.000+05:30,ev-sensor-1,vibration,0.15,g,normal,22,discharging,17.5,12.961557,77.581571,96.7,29.9
2025-08-29T08:26:00.000+05:30,ev-sensor-5,humidity,31.59,%,error,23,idle,33.9,12.965904,77.59312,67.9,33.7
2025-08-29T08:26:10.000+05:30,ev-sensor-3,temperature,81.49,°C,warning,82,discharging,50.6,12.97985,77.595853,49.4,32.7
2025-08-29T08:26:20.000+05:30,ev-sensor-5,temperature,94.36,°C,error,20,charging,60.8,12.966618,77.589132,77.1,31.5
2025-08-29T08:26:30.000+05:30,ev-sensor-3,motion,1.0,bool,normal,20,charging,64.9,12.963201,77.597241,78.8,35.7
2025-08-29T08:26:40.000+05:30,ev-sensor-4,vibration,0.04,g,warning,40,discharging,75.1,12.968992,77.582636,87.4,35.7
2025-08-29T08:26:50.000+05:30,ev-sensor-1,temperature,65.26,°C,error,58,idle,114.8,12.969168,77.58588,97.0,35.0
2025-08-29T08:27:00.000+05:30,ev-sensor-2,pressure,1041.63,hPa,warning,15,charging,30.5,12.979028,77.595496,92.5,33.7
2025-08-29T08:27:10.000+05:30,ev-sensor-1,temperature,99.27,°C,normal,27,idle,37.2,12.960143,77.583275,54.8,34.4
2025-08-29T08:27:20.000+05:30,ev-sensor-3,vibration,0.01,g,normal,22,charging,69.4,12.960399,77.581204,63.8,35.6
2025-08-29T08:27:30.000+05:30,ev-sensor-1,humidity,87.99,%,normal,37,discharging,98.5,12.975103,77.591755,63.3,28.1
2025-08-29T08:27:40.000+05:30,ev-sensor-5,motion,0.0,bool,warning,30,idle,62.8,12.964648,77.594565,42.5,35.3
2025-08-29T08:27:50.000+05:30,ev-sensor-4,pressure,943.55,hPa,normal,66,idle,17.3,12.976006,77.590267,40.8,32.9
2025-08-29T08:28:00.000+05:30,ev-sensor-4,motion,0.0,bool,warning,81,discharging,1.8,12.971868,77.594351,57.9,34.2
2025-08-29T08:28:10.000+05:30,ev-sensor-1,temperature,73.45,°C,warning,83,discharging,85.9,12.975004,77.5996,69.4,30.8
2025-08-29T08:28:20.000+05:30,ev-sensor-1,pressure,947.63,hPa,normal,64,discharging,75.0,12.977005,77.585128,45.3,29.0
2025-08-29T08:28:30.000+05:30,ev-sensor-1,temperature,60.2,°C,warning,63,discharging,85.4,12.972868,77.590375,79.2,35.0
2025-08-29T08:28:40.000+05:30,ev-sensor-4,pressure,959.74,hPa,error,23,charging,3.8,12.97215,77.581296,50.0,31.5
2025-08-29T08:28:50.000+05:30,ev-sensor-3,temperature,79.84,°C,error,93,discharging,0.5,12.975842,77.58761,86.8,30.1
2025-08-29T08:29:00.000+05:30,ev-sensor-3,pressure,904.62,hPa,warning,50,discharging,53.1,12.962252,77.590407,83.1,31.5
2025-08-29T08:29:10.000+05:30,ev-sensor-2,humidity,31.15,%,error,10,charging,56.9,12.964363,77.586005,75.3,35.6
2025-08-29T08:29:20.000+05:30,ev-sensor-1,temperature,76.64,°C,warning,24,charging,0.4,12.975724,77.586776,91.9,33.3
2025-08-29T08:29:30.000+05:30,ev-sensor-2,motion,1.0,bool,warning,97,discharging,118.3,12.967446,77.599919,65.6,32.3
2025-08-29T08:29:40.000+05:30,ev-sensor-4,pressure,933.58,hPa,warning,98,discharging,75.9,12.979974,77.585033,90.0,31.6
2025-08-29T08:29:50.000+05:30,ev-sensor-2,temperature,82.19,°C,normal,94,idle,9.6,12.970332,77.585435,52.4,33.7
2025-08-29T08:30:00.000+05:30,ev-sensor-3,vibration,0.2,g,warning,84,discharging,51.1,12.96487,77.591587,74.1,33.2
2025-08-29T08:30:10.000+05:30,ev-sensor-5,pressure,1094.24,hPa,error,23,charging,36.1,12.976206,77.594363,69.7,33.7
2025-08-29T08:30:20.000+05:30,ev-sensor-1,humidity,28.22,%,warning,10,charging,55.2,12.968596,77.595067,44.7,29.8
2025-08-29T08:30:30.000+05:30,ev-sensor-5,pressure,1098.61,hPa,error,32,idle,117.4,12.964566,77.589952,84.0,32.6
2025-08-29T08:30:40.000+05:30,ev-sensor-4,motion,0.0,bool,error,79,discharging,87.9,12.971116,77.587086,42.1,31.4
2025-08-29T08:30:50.000+05:30,ev-sensor-4,pressure,1093.23,hPa,normal,19,charging,95.5,12.976941,77.591329,91.8,35.6
2025-08-29T08:31:00.000+05:30,ev-sensor-3,humidity,50.95,%,normal,16,discharging,52.9,12.973897,77.587884,53.1,32.5
2025-08-29T08:31:10.000+05:30,ev-sensor-1,vibration,0.15,g,normal,35,idle,91.2,12.961499,77.599309,44.9,28.7
2025-08-29T08:31:20.000+05:30,ev-sensor-3,motion,0.0,bool,error,72,charging,28.2,12.966973,77.588826,76.6,30.0
2025-08-29T08:31:30.000+05:30,ev-sensor-1,humidity,80.87,%,warning,90,charging,116.3,12.974533,77.584112,86.7,29.4
2025-08-29T08:31:40.000+05:30,ev-sensor-5,temperature,76.23,°C,normal,47,charging,20.7,12.976716,77.582325,68.5,33.1
2025-08-29T08:31:50.000+05:30,ev-sensor-3,humidity,85.27,%,normal,19,discharging,78.8,12.965336,77.586573,75.6,35.4
2025-08-29T08:32:00.000+05:30,ev-sensor-4,vibration,0.07,g,normal,23,charging,79.7,12.960711,77.597061,82.8,32.5
2025-08-29T08:32:10.000+05:30,ev-sensor-5,vibration,0.07,g,warning,83,discharging,14.6,12.975844,77.592342,89.8,28.1
2025-08-29T08:32:20.000+05:30,ev-sensor-2,pressure,912.96,hPa,normal,29,charging,28.6,12.97827,77.593928,71.9,31.8
2025-08-29T08:32:30.000+05:30,ev-sensor-1,humidity,86.53,%,error,66,charging,71.6,12.969793,77.587169,54.8,30.4
2025-08-29T08:32:40.000+05:30,ev-sensor-4,temperature,89.45,°C,normal,31,idle,9.6,12.962664,77.595386,69.5,30.8
2025-08-29T08:32:50.000+05:30,ev-sensor-2,humidity,37.82,%,error,26,idle,99.4,12.970698,77.588736,89.6,33.6
2025-08-29T08:33:00.000+05:30,ev-sensor-1,vibration,0.05,g,normal,48,discharging,54.8,12.970758,77.595647,83.6,30.1
2025-08-29T08:33:10.000+05:30,ev-sensor-3,motion,1.0,bool,normal,91,idle,86.5,12.979252,77.580908,94.6,33.4
2025-08-29T08:33:20.000+05:30,ev-sensor-5,motion,0.0,bool,normal,69,charging,18.1,12.964359,77.584774,97.6,32.2
2025-08-29T08:33:30.000+05:30,ev-sensor-4,temperature,66.54,°C,normal,18,charging,69.7,12.973348,77.584556,50.9,34.3
2025-08-29T08:33:40.000+05:30,ev-sensor-1,pressure,1094.65,hPa,error,19,idle,47.4,12.960482,77.588845,76.7,34.5
2025-08-29T08:33:50.000+05:30,ev-sensor-2,humidity,71.6,%,warning,77,idle,110.8,12.964977,77.583146,54.4,28.0
2025-08-29T08:34:00.000+05:30,ev-sensor-4,temperature,69.23,°C,normal,89,idle,11.4,12.968642,77.597307,88.6,33.1
2025-08-29T08:34:10.000+05:30,ev-sensor-2,vibration,0.05,g,error,65,charging,28.8,12.961207,77.585725,97.6,29.7
2025-08-29T08:34:20.000+05:30,ev-sensor-2,temperature,85.68,°C,warning,68,discharging,39.7,12.96334,77.596801,42.8,29.8
2025-08-29T08:34:30.000+05:30,ev-sensor-5,temperature,84.49,°C,warning,62,idle,36.5,12.969517,77.594334,87.1,35.1
2025-08-29T08:34:40.000+05:30,ev-sensor-2,pressure,975.47,hPa,warning,14,charging,106.2,12.964525,77.5869,86.3,30.5
2025-08-29T08:34:50.000+05:30,ev-sensor-5,humidity,62.31,%,normal,80,charging,107.1,12.979734,77.598172,42.3,32.1
2025-08-29T08:35:00.000+05:30,ev-sensor-4,temperature,62.65,°C,error,13,charging,32.0,12.976428,77.582521,95.6,35.7
2025-08-29T08:35:10.000+05:30,ev-sensor-2,temperature,87.78,°C,warning,32,charging,59.9,12.974001,77.590784,62.2,35.8
2025-08-29T08:35:20.000+05:30,ev-sensor-1,motion,1.0,bool,normal,61,idle,94.3,12.965576,77.590332,99.9,35.3
2025-08-29T08:35:30.000+05:30,ev-sensor-3,pressure,1078.97,hPa,error,98,charging,20.5,12.968402,77.597496,40.7,32.4
2025-08-29T08:35:40.000+05:30,ev-sensor-1,vibration,0.16,g,warning,42,charging,110.3,12.967019,77.598399,42.1,31.3
2025-08-29T08:35:50.000+05:30,ev-sensor-3,humidity,55.55,%,error,47,idle,11.2,12.966095,77.593238,91.8,33.7
2025-08-29T08:36:00.000+05:30,ev-sensor-3,temperature,69.2,°C,normal,89,charging,44.2,12.971667,77.599284,47.7,33.7
2025-08-29T08:36:10.000+05:30,ev-sensor-4,pressure,981.39,hPa,normal,50,idle,74.2,12.965184,77.595428,69.0,29.6
2025-08-29T08:36:20.000+05:30,ev-sensor-4,motion,1.0,bool,warning,88,idle,7.5,12.975279,77.587734,74.9,28.4
2025-08-29T08:36:30.000+05:30,ev-sensor-1,temperature,79.3,°C,error,38,discharging,55.1,12.965744,77.581596,61.2,33.3
2025-08-29T08:36:40.000+05:30,ev-sensor-2,temperature,70.73,°C,warning,46,discharging,98.6,12.973553,77.590511,95.4,35.9
2025-08-29T08:36:50.000+05:30,ev-sensor-3,vibration,0.14,g,warning,28,idle,28.7,12.977306,77.587857,43.6,35.9
2025-08-29T08:37:00.000+05:30,ev-sensor-3,vibration,0.18,g,warning,71,discharging,78.0,12.967695,77.587095,49.8,33.0
2025-08-29T08:37:10.000+05:30,ev-sensor-1,vibration,0.05,g,warning,50,charging,3.4,12.978084,77.584578,77.5,28.8
2025-08-29T08:37:20.000+05:30,ev-sensor-2,temperature,91.79,°C,error,58,idle,97.9,12.961127,77.58593,41.9,34.6
2025-08-29T08:37:30.000+05:30,ev-sensor-1,motion,1.0,bool,error,15,discharging,112.3,12.960626,77.594336,66.3,32.3
2025-08-29T08:37:40.000+05:30,ev-sensor-4,motion,0.0,bool,error,59,charging,116.0,12.963964,77.589414,46.8,31.9
2025-08-29T08:37:50.000+05:30,ev-sensor-3,temperature,98.6,°C,normal,41,idle,22.8,12.975076,77.584697,44.2,29.7
2025-08-29T08:38:00.000+05:30,ev-sensor-1,pressure,999.1,hPa,normal,91,discharging,77.9,12.969689,77.595721,83.9,30.2
2025-08-29T08:38:10.000+05:30,ev-sensor-5,vibration,0.13,g,warning,94,discharging,68.1,12.979969,77.598529,82.6,32.0
2025-08-29T08:38:20.000+05:30,ev-sensor-1,humidity,39.69,%,error,61,discharging,10.3,12.977352,77.59269,94.6,31.1
2025-08-29T08:38:30.000+05:30,ev-sensor-3,vibration,0.13,g,error,98,idle,71.5,12.974421,77.581362,68.5,31.3
2025-08-29T08:38:40.000+05:30,ev-sensor-1,pressure,949.73,hPa,warning,58,idle,97.3,12.965975,77.582787,69.4,32.0
2025-08-29T08:38:50.000+05:30,ev-sensor-4,vibration,0.12,g,normal,89,idle,68.6,12.969267,77.59323,43.0,35.5
2025-08-29T08:39:00.000+05:30,ev-sensor-5,pressure,1098.01,hPa,warning,16,idle,88.2,12.971376,77.580781,91.6,32.0
2025-08-29T08:39:10.000+05:30,ev-sensor-5,humidity,58.02,%,normal,15,charging,23.2,12.971507,77.580589,75.4,30.8
2025-08-29T08:39:20.000+05:30,ev-sensor-2,vibration,0.01,g,normal,51,charging,90.4,12.964864,77.588945,90.0,34.2
2025-08-29T08:39:30.000+05:30,ev-sensor-2,motion,1.0,bool,normal,33,charging,20.0,12.972948,77.587221,95.3,32.7
2025-08-29T08:39:40.000+05:30,ev-sensor-2,temperature,97.82,°C,error,20,charging,78.9,12.968379,77.595732,56.6,30.6
2025-08-29T08:39:50.000+05:30,ev-sensor-5,temperature,83.52,°C,warning,12,charging,46.9,12.975676,77.591108,69.0,36.0
2025-08-29T08:40:00.000+05:30,ev-sensor-1,pressure,1019.8,hPa,warning,94,discharging,83.9,12.960521,77.589496,43.4,34.6
2025-08-29T08:40:10.000+05:30,ev-sensor-1,temperature,79.67,°C,warning,91,charging,108.7,12.96081,77.590865,96.9,34.5
2025-08-29T08:40:20.000+05:30,ev-sensor-1,humidity,79.35,%,normal,61,charging,11.6,12.96885,77.580335,96.4,28.3
2025-08-29T08:40:30.000+05:30,ev-sensor-1,motion,0.0,bool,error,11,charging,70.8,12.971318,77.581142,41.4,31.9
2025-08-29T08:40:40.000+05:30,ev-sensor-4,humidity,87.44,%,error,82,charging,14.9,12.961013,77.590714,66.8,32.0
2025-08-29T08:40:50.000+05:30,ev-sensor-2,pressure,981.07,hPa,normal,89,discharging,71.7,12.97809,77.590189,79.4,36.0
2025-08-29T08:41:00.000+05:30,ev-sensor-4,pressure,1093.88,hPa,warning,21,discharging,67.1,12.97388,77.585757,61.1,35.9
2025-08-29T08:41:10.000+05:30,ev-sensor-3,pressure,1056.92,hPa,error,54,discharging,85.3,12.971557,77.5856,85.5,35.7
2025-08-29T08:41:20.000+05:30,ev-sensor-4,motion,0.0,bool,warning,55,charging,96.6,12.965242,77.594344,65.2,33.3
2025-08-29T08:41:30.000+05:30,ev-sensor-2,vibration,0.13,g,warning,77,discharging,5.9,12.961124,77.581823,70.5,32.3
2025-08-29T08:41:40.000+05:30,ev-sensor-3,humidity,38.82,%,warning,50,discharging,60.1,12.962859,77.590634,43.5,29.3
2025-08-29T08:41:50.000+05:30,ev-sensor-2,temperature,67.66,°C,warning,50,charging,94.1,12.961538,77.581043,90.3,30.1
2025-08-29T08:42:00.000+05:30,ev-sensor-2,motion,1.0,bool,normal,15,discharging,6.0,12.969831,77.597635,95.4,29.2
2025-08-29T08:42:10.000+05:30,ev-sensor-1,vibration,0.16,g,warning,29,charging,41.5,12.970214,77.598635,48.2,29.8
2025-08-29T08:42:20.000+05:30,ev-sensor-5,humidity,63.34,%,normal,14,discharging,20.1,12.970665,77.589914,88.9,32.3
2025-08-29T08:42:30.000+05:30,ev-sensor-4,vibration,0.14,g,warning,84,idle,8.7,12.971179,77.580296,57.9,32.8
2025-08-29T08:42:40.000+05:30,ev-sensor-3,vibration,0.01,g,error,35,charging,49.2,12.977414,77.590605,89.7,31.6
2025-08-29T08:42:50.000+05:30,ev-sensor-4,temperature,77.01,°C,warning,97,charging,26.3,12.966903,77.593238,82.5,32.4
2025-08-29T08:43:00.000+05:30,ev-sensor-5,pressure,1033.97,hPa,warning,88,idle,110.9,12.964943,77.588179,88.2,28.9
2025-08-29T08:43:10.000+05:30,ev-sensor-4,pressure,966.08,hPa,warning,92,discharging,35.5,12.968323,77.597191,43.4,31.3
2025-08-29T08:43:20.000+05:30,ev-sensor-4,motion,0.0,bool,warning,79,discharging,30.7,12.960461,77.592487,51.8,28.5
2025-08-29T08:43:30.000+05:30,ev-sensor-2,pressure,939.09,hPa,normal,100,discharging,72.8,12.968246,77.591981,56.7,29.2
2025-08-29T08:43:40.000+05:30,ev-sensor-5,temperature,96.18,°C,error,47,discharging,0.8,12.967708,77.58388,45.6,34.8
2025-08-29T08:43:50.000+05:30,ev-sensor-4,temperature,60.68,°C,error,36,idle,40.1,12.977696,77.588751,61.6,33.9
2025-08-29T08:44:00.000+05:30,ev-sensor-1,humidity,21.84,%,error,68,idle,44.0,12.961106,77.587558,68.2,36.0
2025-08-29T08:44:10.000+05:30,ev-sensor-5,vibration,0.07,g,error,38,idle,26.9,12.971071,77.592727,42.0,30.0
2025-08-29T08:44:20.000+05:30,ev-sensor-1,pressure,999.33,hPa,warning,36,discharging,118.6,12.962926,77.590807,85.6,34.5
2025-08-29T08:44:30.000+05:30,ev-sensor-2,vibration,0.03,g,error,63,idle,45.3,12.970697,77.591182,79.9,36.0
2025-08-29T08:44:40.000+05:30,ev-sensor-2,motion,0.0,bool,error,17,idle,61.5,12.973638,77.583377,78.0,34.0
2025-08-29T08:44:50.000+05:30,ev-sensor-3,humidity,20.95,%,normal,28,idle,102.4,12.962841,77.592981,62.8,33.3
2025-08-29T08:45:00.000+05:30,ev-sensor-4,temperature,94.59,°C,warning,34,charging,98.6,12.974815,77.581285,49.5,33.5
2025-08-29T08:45:10.000+05:30,ev-sensor-5,humidity,24.71,%,error,49,discharging,15.9,12.97453,77.582974,55.9,33.8
2025-08-29T08:45:20.000+05:30,ev-sensor-5,vibration,0.05,g,error,41,charging,111.7,12.966464,77.588996,84.6,28.4
2025-08-29T08:45:30.000+05:30,ev-sensor-4,motion,0.0,bool,warning,52,charging,19.3,12.96577,77.597957,49.5,31.1
2025-08-29T08:45:40.000+05:30,ev-sensor-3,vibration,0.13,g,normal,47,idle,2.6,12.966813,77.595554,50.1,33.5
2025-08-29T08:45:50.000+05:30,ev-sensor-5,vibration,0.11,g,error,86,discharging,111.8,12.970863,77.589315,55.9,35.3
2025-08-29T08:46:00.000+05:30,ev-sensor-5,temperature,95.74,°C,warning,20,discharging,97.7,12.972236,77.593838,98.6,29.2
2025-08-29T08:46:10.000+05:30,ev-sensor-1,motion,1.0,bool,normal,52,charging,118.7,12.963369,77.593651,94.5,33.2
2025-08-29T08:46:20.000+05:30,ev-sensor-4,temperature,82.2,°C,error,41,charging,46.4,12.960287,77.590978,80.6,33.8
2025-08-29T08:46:30.000+05:30,ev-sensor-4,vibration,0.04,g,error,41,charging,51.2,12.979438,77.580652,84.2,30.2
2025-08-29T08:46:40.000+05:30,ev-sensor-3,motion,0.0,bool,error,76,discharging,4.2,12.971308,77.597526,47.9,30.5
2025-08-29T08:46:50.000+05:30,ev-sensor-3,humidity,57.16,%,error,84,idle,33.6,12.960004,77.587869,61.7,28.6
2025-08-29T08:47:00.000+05:30,ev-sensor-1,vibration,0.09,g,warning,100,idle,72.7,12.961136,77.58189,46.4,30.9
2025-08-29T08:47:10.000+05:30,ev-sensor-2,motion,0.0,bool,error,96,charging,39.3,12.973917,77.594988,57.5,35.4
2025-08-29T08:47:20.000+05:30,ev-sensor-4,motion,0.0,bool,normal,35,discharging,108.3,12.963007,77.589414,98.5,32.7
2025-08-29T08:47:30.000+05:30,ev-sensor-3,temperature,66.67,°C,warning,93,idle,117.3,12.964203,77.587276,64.3,34.6
2025-08-29T08:47:40.000+05:30,ev-sensor-2,pressure,1024.11,hPa,normal,50,discharging,48.0,12.979006,77.598155,76.8,33.7
2025-08-29T08:47:50.000+05:30,ev-sensor-5,motion,0.0,bool,warning,89,idle,80.1,12.970676,77.586234,73.3,35.8
2025-08-29T08:48:00.000+05:30,ev-sensor-4,motion,0.0,bool,warning,95,discharging,63.2,12.977088,77.591165,53.7,29.6
2025-08-29T08:48:10.000+05:30,ev-sensor-2,vibration,0.1,g,warning,61,idle,72.0,12.970333,77.59262,70.5,28.1
2025-08-29T08:48:20.000+05:30,ev-sensor-3,pressure,967.56,hPa,error,25,charging,115.3,12.962019,77.587106,72.7,34.8
2025-08-29T08:48:30.000+05:30,ev-sensor-1,humidity,83.28,%,normal,42,idle,34.5,12.970038,77.583179,55.8,29.3
2025-08-29T08:48:40.000+05:30,ev-sensor-2,temperature,94.84,°C,normal,39,discharging,33.6,12.969425,77.594991,56.6,34.7
2025-08-29T08:48:50.000+05:30,ev-sensor-2,pressure,958.04,hPa,warning,29,discharging,6.4,12.961713,77.596884,78.4,34.9
2025-08-29T08:49:00.000+05:30,ev-sensor-2,vibration,0.06,g,error,89,charging,98.3,12.962044,77.580218,84.4,32.4
2025-08-29T08:49:10.000+05:30,ev-sensor-5,pressure,962.13,hPa,normal,97,idle,98.2,12.971543,77.596841,81.2,32.7
2025-08-29T08:49:20.000+05:30,ev-sensor-2,temperature,81.69,°C,normal,42,discharging,4.5,12.962938,77.583982,67.9,35.7
2025-08-29T08:49:30.000+05:30,ev-sensor-5,temperature,97.02,°C,warning,35,idle,19.7,12.966755,77.588288,60.6,34.9
2025-08-29T08:49:40.000+05:30,ev-sensor-5,humidity,49.33,%,warning,41,charging,106.3,12.97336,77.590053,96.0,34.1
2025-08-29T08:49:50.000+05:30,ev-sensor-5,pressure,922.83,hPa,error,46,charging,5.0,12.979271,77.585091,74.9,31.7
2025-08-29T08:50:00.000+05:30,ev-sensor-3,temperature,73.24,°C,error,55,idle,105.0,12.962685,77.583747,47.5,28.9
2025-08-29T08:50:10.000+05:30,ev-sensor-5,pressure,1025.79,hPa,normal,64,charging,34.3,12.963729,77.588108,79.7,29.5
2025-08-29T08:50:20.000+05:30,ev-sensor-3,pressure,1092.33,hPa,warning,45,charging,43.0,12.969763,77.584245,81.4,28.7
2025-08-29T08:50:30.000+05:30,ev-sensor-2,pressure,1030.79,hPa,warning,44,idle,95.2,12.977431,77.583693,69.3,34.0
2025-08-29T08:50:40.000+05:30,ev-sensor-3,humidity,78.29,%,warning,30,idle,45.6,12.965076,77.580045,69.9,33.8
2025-08-29T08:50:50.000+05:30,ev-sensor-4,temperature,99.32,°C,warning,64,discharging,20.6,12.970238,77.582122,60.4,29.4
2025-08-29T08:51:00.000+05:30,ev-sensor-5,humidity,48.45,%,normal,79,idle,93.8,12.979426,77.589136,53.2,34.4
2025-08-29T08:51:10.000+05:30,ev-sensor-3,vibration,0.12,g,warning,41,idle,101.2,12.960114,77.592858,93.7,33.8
2025-08-29T08:51:20.000+05:30,ev-sensor-3,humidity,59.09,%,warning,93,charging,116.6,12.971873,77.580458,66.5,32.3
2025-08-29T08:51:30.000+05:30,ev-sensor-5,temperature,84.36,°C,warning,59,discharging,103.1,12.97925,77.582308,90.5,35.9
2025-08-29T08:51:40.000+05:30,ev-sensor-5,temperature,64.1,°C,normal,91,charging,16.8,12.963116,77.594729,74.8,32.6
2025-08-29T08:51:50.000+05:30,ev-sensor-1,motion,1.0,bool,error,87,discharging,28.6,12.964595,77.582236,68.4,35.1
2025-08-29T08:52:00.000+05:30,ev-sensor-3,pressure,1051.18,hPa,normal,39,charging,66.0,12.979929,77.580142,69.6,31.2
2025-08-29T08:52:10.000+05:30,ev-sensor-2,humidity,55.11,%,warning,97,charging,89.4,12.972092,77.596476,54.2,28.9
2025-08-29T08:52:20.000+05:30,ev-sensor-5,motion,1.0,bool,warning,27,charging,117.1,12.969226,77.580205,65.0,33.1
2025-08-29T08:52:30.000+05:30,ev-sensor-2,pressure,1041.91,hPa,normal,77,idle,87.0,12.96656,77.596939,58.3,29.0
2025-08-29T08:52:40.000+05:30,ev-sensor-1,pressure,921.1,hPa,normal,96,charging,53.8,12.964982,77.5898,59.7,34.2
2025-08-29T08:52:50.000+05:30,ev-sensor-2,vibration,0.02,g,error,51,charging,44.8,12.975849,77.586409,51.9,35.4
2025-08-29T08:53:00.000+05:30,ev-sensor-1,pressure,1000.36,hPa,error,41,idle,18.8,12.979716,77.590941,59.4,28.2
2025-08-29T08:53:10.000+05:30,ev-sensor-4,pressure,951.25,hPa,warning,42,discharging,108.6,12.979675,77.587708,89.3,28.4
2025-08-29T08:53:20.000+05:30,ev-sensor-5,temperature,66.4,°C,normal,73,charging,62.2,12.975496,77.598582,91.3,30.5
2025-08-29T08:53:30.000+05:30,ev-sensor-2,temperature,92.73,°C,normal,100,charging,57.3,12.971556,77.596741,44.6,28.9
2025-08-29T08:53:40.000+05:30,ev-sensor-4,temperature,88.08,°C,error,80,idle,78.8,12.961494,77.589089,91.8,31.1
2025-08-29T08:53:50.000+05:30,ev-sensor-2,vibration,0.14,g,error,31,discharging,95.6,12.960051,77.58061,64.3,35.5
2025-08-29T08:54:00.000+05:30,ev-sensor-2,motion,1.0,bool,normal,44,discharging,63.0,12.974406,77.582851,94.4,29.2
2025-08-29T08:54:10.000+05:30,ev-sensor-4,motion,1.0,bool,warning,81,discharging,62.1,12.978818,77.581318,61.1,33.3
2025-08-29T08:54:20.000+05:30,ev-sensor-4,pressure,922.63,hPa,error,14,discharging,118.2,12.965606,77.596447,77.6,30.6
2025-08-29T08:54:30.000+05:30,ev-sensor-5,pressure,1097.77,hPa,normal,52,charging,88.7,12.966431,77.584246,42.1,33.9
2025-08-29T08:54:40.000+05:30,ev-sensor-4,motion,0.0,bool,normal,46,charging,109.5,12.960671,77.599221,40.7,31.8
2025-08-29T08:54:50.000+05:30,ev-sensor-2,pressure,1034.76,hPa,warning,32,discharging,55.9,12.968246,77.596601,70.9,34.9
2025-08-29T08:55:00.000+05:30,ev-sensor-5,motion,1.0,bool,warning,57,idle,52.7,12.978799,77.590712,73.8,32.6
2025-08-29T08:55:10.000+05:30,ev-sensor-4,humidity,77.92,%,normal,66,charging,115.5,12.976792,77.594015,46.9,31.6
2025-08-29T08:55:20.000+05:30,ev-sensor-1,pressure,1061.34,hPa,warning,40,idle,21.4,12.960162,77.599456,45.4,32.7
2025-08-29T08:55:30.000+05:30,ev-sensor-4,vibration,0.1,g,warning,73,charging,45.9,12.965371,77.59839,76.8,30.6
2025-08-29T08:55:40.000+05:30,ev-sensor-4,motion,0.0,bool,normal,60,charging,22.3,12.96009,77.599336,75.4,30.0
2025-08-29T08:55:50.000+05:30,ev-sensor-3,humidity,58.95,%,error,22,discharging,11.5,12.975311,77.589464,45.2,35.7
2025-08-29T08:56:00.000+05:30,ev-sensor-2,pressure,1058.73,hPa,normal,53,idle,6.5,12.962351,77.595908,65.8,30.3
2025-08-29T08:56:10.000+05:30,ev-sensor-1,humidity,41.15,%,error,40,idle,33.9,12.96131,77.580922,82.3,33.9
2025-08-29T08:56:20.000+05:30,ev-sensor-1,pressure,1070.29,hPa,error,100,discharging,3.8,12.968769,77.582194,95.4,34.3
2025-08-29T08:56:30.000+05:30,ev-sensor-3,motion,1.0,bool,error,64,charging,94.8,12.97307,77.585021,71.0,28.6
2025-08-29T08:56:40.000+05:30,ev-sensor-1,motion,0.0,bool,error,52,charging,59.7,12.975067,77.588639,82.1,28.2
2025-08-29T08:56:50.000+05:30,ev-sensor-5,vibration,0.04,g,warning,68,idle,114.5,12.967459,77.580699,54.0,33.0
2025-08-29T08:57:00.000+05:30,ev-sensor-3,humidity,64.04,%,normal,12,discharging,1.4,12.965216,77.580895,45.4,34.3
2025-08-29T08:57:10.000+05:30,ev-sensor-3,temperature,74.56,°C,error,49,charging,67.0,12.978325,77.586489,58.3,29.1
2025-08-29T08:57:20.000+05:30,ev-sensor-2,temperature,93.5,°C,warning,65,idle,114.4,12.966916,77.590332,52.6,28.4
2025-08-29T08:57:30.000+05:30,ev-sensor-3,temperature,87.28,°C,warning,50,idle,12.3,12.971356,77.590805,66.3,34.3
2025-08-29T08:57:40.000+05:30,ev-sensor-1,vibration,0.08,g,warning,35,discharging,55.3,12.971297,77.599774,97.5,32.7
2025-08-29T08:57:50.000+05:30,ev-sensor-1,pressure,1050.06,hPa,warning,32,charging,3.7,12.967026,77.592714,79.0,33.7
2025-08-29T08:58:00.000+05:30,ev-sensor-5,motion,0.0,bool,warning,96,discharging,1.9,12.965205,77.592653,85.1,35.6
2025-08-29T08:58:10.000+05:30,ev-sensor-3,motion,1.0,bool,warning,58,discharging,46.2,12.969421,77.594216,78.9,34.0
2025-08-29T08:58:20.000+05:30,ev-sensor-2,vibration,0.08,g,error,52,charging,105.5,12.963417,77.584514,96.0,31.0
2025-08-29T08:58:30.000+05:30,ev-sensor-4,humidity,48.73,%,error,88,idle,119.8,12.975551,77.590913,56.1,28.7
2025-08-29T08:58:40.000+05:30,ev-sensor-5,vibration,0.02,g,error,23,discharging,64.4,12.960999,77.580268,73.4,33.7
2025-08-29T08:58:50.000+05:30,ev-sensor-2,motion,1.0,bool,normal,66,discharging,78.7,12.968731,77.590806,62.7,28.6
2025-08-29T08:59:00.000+05:30,ev-sensor-5,vibration,0.03,g,normal,79,charging,100.7,12.971295,77.586905,89.2,34.5
2025-08-29T08:59:10.000+05:30,ev-sensor-4,humidity,69.65,%,warning,70,charging,1.8,12.963678,77.587785,57.1,29.2
2025-08-29T08:59:20.000+05:30,ev-sensor-5,temperature,87.98,°C,warning,73,idle,57.9,12.972587,77.582508,54.7,35.8
2025-08-29T08:59:30.000+05:30,ev-sensor-2,vibration,0.09,g,error,60,discharging,26.6,12.968704,77.593246,48.1,35.4
2025-08-29T08:59:40.000+05:30,ev-sensor-3,humidity,67.22,%,warning,63,charging,70.5,12.967053,77.587489,53.1,30.5
2025-08-29T08:59:50.000+05:30,ev-sensor-4,humidity,34.07,%,warning,43,charging,83.5,12.977058,77.583444,79.1,30.1
2025-08-29T09:00:00.000+05:30,ev-sensor-3,motion,1.0,bool,normal,10,discharging,23.1,12.969064,77.580704,76.4,33.1
2025-08-29T09:00:10.000+05:30,ev-sensor-5,motion,0.0,bool,error,76,idle,48.7,12.962447,77.589448,42.5,29.1
2025-08-29T09:00:20.000+05:30,ev-sensor-3,pressure,1055.72,hPa,normal,80,discharging,42.6,12.976777,77.59551,68.7,31.1
2025-08-29T09:00:30.000+05:30,ev-sensor-2,temperature,89.16,°C,error,97,discharging,47.0,12.961588,77.585346,41.2,28.4
2025-08-29T09:00:40.000+05:30,ev-sensor-4,vibration,0.09,g,error,45,discharging,18.1,12.964619,77.597047,88.5,30.2
2025-08-29T09:00:50.000+05:30,ev-sensor-3,humidity,72.88,%,warning,12,idle,62.7,12.976785,77.598985,71.0,33.4
2025-08-29T09:01:00.000+05:30,ev-sensor-4,pressure,1039.39,hPa,error,53,discharging,28.5,12.969575,77.591518,57.7,28.8
2025-08-29T09:01:10.000+05:30,ev-sensor-2,temperature,70.48,°C,error,40,charging,82.2,12.970427,77.582835,90.4,33.2
2025-08-29T09:01:20.000+05:30,ev-sensor-1,humidity,37.25,%,error,17,charging,68.9,12.960524,77.581598,94.4,34.9
2025-08-29T09:01:30.000+05:30,ev-sensor-4,temperature,61.64,°C,warning,75,idle,49.8,12.966337,77.58461,44.3,30.5
2025-08-29T09:01:40.000+05:30,ev-sensor-5,motion,0.0,bool,warning,86,idle,114.4,12.973323,77.597099,69.7,34.6
2025-08-29T09:01:50.000+05:30,ev-sensor-3,motion,0.0,bool,warning,78,discharging,17.8,12.970585,77.581842,80.8,32.4
2025-08-29T09:02:00.000+05:30,ev-sensor-1,motion,0.0,bool,warning,93,charging,10.7,12.979278,77.592922,96.7,32.1
2025-08-29T09:02:10.000+05:30,ev-sensor-1,pressure,1011.26,hPa,normal,23,charging,13.5,12.968242,77.597537,41.0,29.5
2025-08-29T09:02:20.000+05:30,ev-sensor-3,humidity,42.11,%,error,40,charging,31.3,12.968738,77.590788,66.7,29.5
2025-08-29T09:02:30.000+05:30,ev-sensor-5,vibration,0.04,g,warning,73,charging,88.7,12.974649,77.593668,44.2,30.3
2025-08-29T09:02:40.000+05:30,ev-sensor-1,pressure,1006.08,hPa,normal,21,charging,97.4,12.963464,77.581202,46.5,33.9
2025-08-29T09:02:50.000+05:30,ev-sensor-5,vibration,0.15,g,error,63,idle,27.3,12.963376,77.597965,42.1,33.5
2025-08-29T09:03:00.000+05:30,ev-sensor-3,temperature,76.89,°C,normal,80,idle,44.8,12.973399,77.597154,94.3,33.6
2025-08-29T09:03:10.000+05:30,ev-sensor-5,motion,1.0,bool,warning,19,discharging,93.0,12.967866,77.591299,92.8,35.6
2025-08-29T09:03:20.000+05:30,ev-sensor-4,motion,0.0,bool,normal,88,charging,107.6,12.973463,77.595563,63.7,35.0
2025-08-29T09:03:30.000+05:30,ev-sensor-4,humidity,40.8,%,warning,11,charging,25.4,12.971351,77.590658,61.5,29.6
2025-08-29T09:03:40.000+05:30,ev-sensor-5,temperature,90.39,°C,normal,50,idle,95.5,12.976795,77.582364,55.5,33.4
2025-08-29T09:03:50.000+05:30,ev-sensor-4,vibration,0.02,g,warning,20,discharging,69.2,12.969455,77.582166,99.2,29.4
2025-08-29T09:04:00.000+05:30,ev-sensor-5,pressure,999.28,hPa,warning,64,charging,4.9,12.975814,77.599368,59.3,30.0
2025-08-29T09:04:10.000+05:30,ev-sensor-1,temperature,65.69,°C,warning,14,charging,88.1,12.965945,77.58434,60.3,30.1
2025-08-29T09:04:20.000+05:30,ev-sensor-3,pressure,1019.79,hPa,normal,51,charging,69.1,12.964208,77.584261,71.3,29.0
2025-08-29T09:04:30.000+05:30,ev-sensor-4,humidity,82.67,%,error,81,idle,89.4,12.963994,77.588217,63.0,31.8
2025-08-29T09:04:40.000+05:30,ev-sensor-2,vibration,0.18,g,error,19,charging,107.8,12.963041,77.587494,99.7,31.2
2025-08-29T09:04:50.000+05:30,ev-sensor-3,temperature,70.66,°C,warning,34,discharging,60.5,12.966806,77.582432,82.8,28.9
2025-08-29T09:05:00.000+05:30,ev-sensor-3,motion,1.0,bool,warning,49,discharging,64.7,12.970826,77.599184,45.0,35.2
2025-08-29T09:05:10.000+05:30,ev-sensor-2,pressure,1092.72,hPa,normal,97,discharging,65.6,12.972094,77.586953,63.5,31.2
2025-08-29T09:05:20.000+05:30,ev-sensor-4,motion,1.0,bool,warning,46,discharging,82.9,12.97349,77.581781,96.3,29.5
2025-08-29T09:05:30.000+05:30,ev-sensor-1,temperature,72.56,°C,warning,15,charging,6.7,12.970878,77.596507,67.7,30.8
2025-08-29T09:05:40.000+05:30,ev-sensor-3,pressure,1076.67,hPa,warning,65,idle,38.9,12.969844,77.59914,47.5,34.6
2025-08-29T09:05:50.000+05:30,ev-sensor-1,pressure,909.41,hPa,normal,60,charging,66.4,12.974768,77.594731,58.8,28.9
2025-08-29T09:06:00.000+05:30,ev-sensor-1,vibration,0.12,g,error,74,charging,98.2,12.978362,77.591458,81.7,33.0
2025-08-29T09:06:10.000+05:30,ev-sensor-2,motion,0.0,bool,error,47,idle,77.0,12.970062,77.592399,72.0,34.3
2025-08-29T09:06:20.000+05:30,ev-sensor-2,temperature,83.0,°C,warning,76,discharging,18.1,12.967843,77.590655,63.0,31.2
2025-08-29T09:06:30.000+05:30,ev-sensor-5,temperature,73.07,°C,warning,96,discharging,38.6,12.976526,77.581837,59.4,34.1
2025-08-29T09:06:40.000+05:30,ev-sensor-2,humidity,66.8,%,warning,19,charging,11.7,12.968219,77.59918,95.8,34.0
2025-08-29T09:06:50.000+05:30,ev-sensor-2,humidity,88.36,%,warning,82,charging,8.5,12.963003,77.588858,68.0,35.7
2025-08-29T09:07:00.000+05:30,ev-sensor-5,vibration,0.14,g,normal,25,discharging,17.6,12.972773,77.581988,52.2,28.7
2025-08-29T09:07:10.000+05:30,ev-sensor-2,pressure,995.38,hPa,normal,81,discharging,15.0,12.970652,77.584435,96.5,35.1
2025-08-29T09:07:20.000+05:30,ev-sensor-2,vibration,0.03,g,error,38,discharging,83.1,12.974792,77.590265,72.6,34.4
2025-08-29T09:07:30.000+05:30,ev-sensor-1,vibration,0.01,g,normal,30,charging,30.0,12.962907,77.597066,66.5,35.0
2025-08-29T09:07:40.000+05:30,ev-sensor-5,motion,1.0,bool,error,43,discharging,100.4,12.96951,77.585165,61.7,32.7
2025-08-29T09:07:50.000+05:30,ev-sensor-5,pressure,932.42,hPa,error,27,discharging,74.6,12.976209,77.587993,55.9,29.2
2025-08-29T09:08:00.000+05:30,ev-sensor-3,motion,1.0,bool,error,28,idle,56.6,12.973767,77.590523,59.7,35.3
2025-08-29T09:08:10.000+05:30,ev-sensor-5,motion,1.0,bool,error,71,idle,47.3,12.963724,77.598045,79.6,29.1
2025-08-29T09:08:20.000+05:30,ev-sensor-4,temperature,95.42,°C,error,37,discharging,37.5,12.961208,77.590123,80.2,33.5
2025-08-29T09:08:30.000+05:30,ev-sensor-2,humidity,48.4,%,normal,76,idle,28.0,12.965712,77.592584,51.1,31.1
2025-08-29T09:08:40.000+05:30,ev-sensor-1,temperature,62.8,°C,error,75,idle,23.5,12.969461,77.580948,77.2,33.1
2025-08-29T09:08:50.000+05:30,ev-sensor-1,pressure,987.24,hPa,error,78,charging,1.8,12.962418,77.596799,68.5,31.3
2025-08-29T09:09:00.000+05:30,ev-sensor-1,temperature,88.96,°C,error,63,idle,3.8,12.978161,77.598683,58.6,28.7
2025-08-29T09:09:10.000+05:30,ev-sensor-5,pressure,902.22,hPa,normal,62,idle,97.0,12.976501,77.598846,59.2,33.4
2025-08-29T09:09:20.000+05:30,ev-sensor-3,vibration,0.16,g,warning,88,charging,71.7,12.971643,77.58383,95.2,30.1
2025-08-29T09:09:30.000+05:30,ev-sensor-3,humidity,41.56,%,error,17,idle,107.6,12.963999,77.590248,68.3,31.2
2025-08-29T09:09:40.000+05:30,ev-sensor-1,humidity,47.94,%,normal,33,discharging,35.2,12.97606,77.58407,60.4,28.9
2025-08-29T09:09:50.000+05:30,ev-sensor-3,motion,1.0,bool,warning,39,charging,90.7,12.968879,77.582823,67.8,35.4
2025-08-29T09:10:00.000+05:30,ev-sensor-5,temperature,77.28,°C,error,17,charging,1.2,12.974754,77.583938,58.1,31.0
2025-08-29T09:10:10.000+05:30,ev-sensor-3,humidity,67.24,%,normal,20,discharging,71.0,12.975114,77.581878,93.0,35.4
2025-08-29T09:10:20.000+05:30,ev-sensor-2,motion,0.0,bool,error,65,discharging,53.7,12.968736,77.583617,79.9,31.8
2025-08-29T09:10:30.000+05:30,ev-sensor-4,temperature,77.37,°C,normal,30,charging,88.4,12.97977,77.59561,71.5,32.4
2025-08-29T09:10:40.000+05:30,ev-sensor-1,humidity,60.92,%,normal,44,idle,58.8,12.961414,77.594061,94.5,33.2
2025-08-29T09:10:50.000+05:30,ev-sensor-1,temperature,61.27,°C,normal,100,charging,88.4,12.961706,77.593108,56.5,30.3
2025-08-29T09:11:00.000+05:30,ev-sensor-4,temperature,61.02,°C,warning,68,discharging,26.8,12.972705,77.595187,88.9,33.1
2025-08-29T09:11:10.000+05:30,ev-sensor-4,pressure,935.06,hPa,warning,28,discharging,32.0,12.961318,77.59049,64.8,32.0
2025-08-29T09:11:20.000+05:30,ev-sensor-3,vibration,0.13,g,error,14,charging,20.6,12.967323,77.58844,42.9,29.9
2025-08-29T09:11:30.000+05:30,ev-sensor-4,pressure,1018.21,hPa,error,88,charging,105.5,12.978639,77.585049,61.1,35.3
2025-08-29T09:11:40.000+05:30,ev-sensor-1,temperature,62.21,°C,error,88,idle,44.7,12.963584,77.591189,80.9,32.8
2025-08-29T09:11:50.000+05:30,ev-sensor-1,humidity,71.72,%,error,90,discharging,13.6,12.961938,77.59784,74.5,31.1
2025-08-29T09:12:00.000+05:30,ev-sensor-3,motion,1.0,bool,normal,16,charging,10.1,12.973095,77.599855,83.7,32.4
2025-08-29T09:12:10.000+05:30,ev-sensor-1,motion,1.0,bool,error,30,idle,67.2,12.961281,77.591855,43.3,30.7
2025-08-29T09:12:20.000+05:30,ev-sensor-5,motion,1.0,bool,error,65,discharging,19.7,12.97026,77.58143,74.7,33.8
2025-08-29T09:12:30.000+05:30,ev-sensor-3,pressure,952.43,hPa,warning,72,idle,66.7,12.962274,77.587393,42.2,29.4
2025-08-29T09:12:40.000+05:30,ev-sensor-5,humidity,70.07,%,error,61,discharging,25.1,12.976617,77.584419,69.7,35.9
2025-08-29T09:12:50.000+05:30,ev-sensor-1,humidity,72.34,%,error,78,discharging,7.5,12.964647,77.596175,61.1,34.0
2025-08-29T09:13:00.000+05:30,ev-sensor-5,temperature,74.82,°C,normal,26,charging,108.5,12.961636,77.59628,99.1,29.9
2025-08-29T09:13:10.000+05:30,ev-sensor-2,humidity,64.53,%,error,39,idle,6.2,12.970132,77.585423,57.1,34.1
2025-08-29T09:13:20.000+05:30,ev-sensor-2,pressure,942.82,hPa,normal,98,discharging,58.6,12.977059,77.587154,91.2,35.9
2025-08-29T09:13:30.000+05:30,ev-sensor-5,motion,1.0,bool,warning,84,charging,2.1,12.965955,77.595808,92.9,32.3
2025-08-29T09:13:40.000+05:30,ev-sensor-5,pressure,1075.29,hPa,error,87,idle,82.5,12.977405,77.58666,93.3,30.7
2025-08-29T09:13:50.000+05:30,ev-sensor-1,temperature,60.25,°C,error,22,charging,31.7,12.972195,77.580224,89.9,33.3
2025-08-29T09:14:00.000+05:30,ev-sensor-3,humidity,86.83,%,normal,20,charging,54.6,12.975434,77.591833,58.3,32.7
2025-08-29T09:14:10.000+05:30,ev-sensor-5,temperature,64.53,°C,error,52,idle,60.5,12.976022,77.590089,79.8,35.2
2025-08-29T09:14:20.000+05:30,ev-sensor-4,motion,0.0,bool,error,14,idle,71.8,12.966269,77.587696,44.6,30.2
2025-08-29T09:14:30.000+05:30,ev-sensor-2,motion,1.0,bool,error,36,discharging,31.2,12.964222,77.599845,52.5,30.8
2025-08-29T09:14:40.000+05:30,ev-sensor-4,pressure,905.26,hPa,error,81,charging,56.1,12.965891,77.589262,73.8,30.3
2025-08-29T09:14:50.000+05:30,ev-sensor-2,vibration,0.12,g,error,86,charging,73.0,12.974246,77.594929,93.2,30.2
2025-08-29T09:15:00.000+05:30,ev-sensor-3,motion,1.0,bool,warning,70,charging,18.3,12.967156,77.597861,41.5,33.2
2025-08-29T09:15:10.000+05:30,ev-sensor-4,humidity,59.52,%,normal,98,idle,99.9,12.974128,77.580116,49.6,33.3
2025-08-29T09:15:20.000+05:30,ev-sensor-4,motion,0.0,bool,warning,55,discharging,57.9,12.979579,77.582324,76.6,30.2
2025-08-29T09:15:30.000+05:30,ev-sensor-5,pressure,936.72,hPa,normal,97,discharging,62.2,12.979361,77.584791,63.2,30.1
2025-08-29T09:15:40.000+05:30,ev-sensor-1,pressure,941.62,hPa,normal,55,idle,23.2,12.968259,77.58885,46.4,31.5
2025-08-29T09:15:50.000+05:30,ev-sensor-3,motion,1.0,bool,error,92,charging,74.7,12.966594,77.589134,92.7,33.2
2025-08-29T09:16:00.000+05:30,ev-sensor-4,motion,1.0,bool,warning,69,discharging,83.1,12.96877,77.597738,57.0,34.1
2025-08-29T09:16:10.000+05:30,ev-sensor-5,motion,1.0,bool,error,47,idle,83.9,12.964545,77.59062,50.6,35.8
2025-08-29T09:16:20.000+05:30,ev-sensor-5,temperature,72.3,°C,normal,17,discharging,7.4,12.970852,77.590794,95.3,34.9
2025-08-29T09:16:30.000+05:30,ev-sensor-1,temperature,85.44,°C,warning,36,charging,65.9,12.971423,77.589771,81.2,32.0
2025-08-29T09:16:40.000+05:30,ev-sensor-2,motion,1.0,bool,normal,50,charging,90.5,12.961602,77.585889,67.2,31.8
2025-08-29T09:16:50.000+05:30,ev-sensor-4,humidity,46.03,%,error,10,idle,60.3,12.970768,77.589157,41.4,33.1
2025-08-29T09:17:00.000+05:30,ev-sensor-4,humidity,29.66,%,warning,25,idle,49.3,12.973126,77.581486,49.0,32.3
2025-08-29T09:17:10.000+05:30,ev-sensor-1,humidity,36.85,%,error,54,idle,83.7,12.966364,77.592105,69.2,31.8
2025-08-29T09:17:20.000+05:30,ev-sensor-5,temperature,95.74,°C,normal,41,idle,34.9,12.979298,77.581007,55.5,31.3
2025-08-29T09:17:30.000+05:30,ev-sensor-5,humidity,37.52,%,error,24,discharging,31.3,12.964012,77.582328,68.1,31.6
2025-08-29T09:17:40.000+05:30,ev-sensor-1,motion,1.0,bool,normal,76,charging,48.4,12.978434,77.594215,49.8,28.6
2025-08-29T09:17:50.000+05:30,ev-sensor-2,humidity,75.87,%,warning,66,charging,43.8,12.971279,77.581538,96.2,34.2
2025-08-29T09:18:00.000+05:30,ev-sensor-2,pressure,929.09,hPa,error,10,idle,9.5,12.970762,77.589464,80.2,28.9
2025-08-29T09:18:10.000+05:30,ev-sensor-4,humidity,46.19,%,normal,91,discharging,12.6,12.972605,77.586468,79.2,32.4
2025-08-29T09:18:20.000+05:30,ev-sensor-1,temperature,90.19,°C,normal,61,discharging,30.0,12.975232,77.580418,85.0,31.8
2025-08-29T09:18:30.000+05:30,ev-sensor-2,motion,0.0,bool,warning,68,charging,91.1,12.975747,77.591828,55.9,31.2
2025-08-29T09:18:40.000+05:30,ev-sensor-3,humidity,79.16,%,warning,61,idle,40.0,12.97214,77.595593,61.0,31.2
2025-08-29T09:18:50.000+05:30,ev-sensor-2,vibration,0.18,g,error,36,discharging,68.0,12.971424,77.582368,96.7,28.1
2025-08-29T09:19:00.000+05:30,ev-sensor-4,temperature,87.61,°C,warning,65,charging,105.2,12.973168,77.58189,98.3,29.9
2025-08-29T09:19:10.000+05:30,ev-sensor-2,motion,0.0,bool,normal,23,discharging,12.5,12.961887,77.588596,85.3,35.6
2025-08-29T09:19:20.000+05:30,ev-sensor-1,vibration,0.14,g,warning,11,idle,15.6,12.96774,77.59409,57.0,32.8
2025-08-29T09:19:30.000+05:30,ev-sensor-2,humidity,76.16,%,warning,39,idle,53.3,12.96684,77.584385,45.9,34.6
2025-08-29T09:19:40.000+05:30,ev-sensor-3,temperature,94.14,°C,error,61,charging,24.2,12.960143,77.598853,50.4,34.2
2025-08-29T09:19:50.000+05:30,ev-sensor-4,pressure,1039.3,hPa,error,55,discharging,33.7,12.970179,77.59045,62.2,33.5
2025-08-29T09:20:00.000+05:30,ev-sensor-2,vibration,0.18,g,error,67,idle,36.2,12.968745,77.594635,63.0,31.9
2025-08-29T09:20:10.000+05:30,ev-sensor-4,humidity,77.89,%,error,97,charging,69.1,12.974509,77.589433,84.6,31.8
2025-08-29T09:20:20.000+05:30,ev-sensor-1,motion,1.0,bool,error,79,idle,113.6,12.975598,77.589953,66.4,28.1
2025-08-29T09:20:30.000+05:30,ev-sensor-1,humidity,82.27,%,warning,77,charging,110.7,12.970452,77.583171,95.6,35.7
2025-08-29T09:20:40.000+05:30,ev-sensor-5,pressure,949.76,hPa,normal,90,discharging,50.4,12.962211,77.584909,66.3,31.2
2025-08-29T09:20:50.000+05:30,ev-sensor-3,motion,0.0,bool,error,90,charging,99.6,12.976078,77.598368,61.8,34.3
2025-08-29T09:21:00.000+05:30,ev-sensor-2,humidity,38.63,%,error,97,discharging,1.9,12.967671,77.582389,58.4,30.9
2025-08-29T09:21:10.000+05:30,ev-sensor-2,motion,0.0,bool,error,13,idle,113.3,12.967645,77.592669,64.0,28.5
2025-08-29T09:21:20.000+05:30,ev-sensor-5,pressure,911.81,hPa,normal,34,idle,98.9,12.966746,77.581794,49.2,34.0
2025-08-29T09:21:30.000+05:30,ev-sensor-2,humidity,20.24,%,error,56,discharging,82.1,12.969473,77.590912,42.1,30.5
2025-08-29T09:21:40.000+05:30,ev-sensor-3,vibration,0.16,g,normal,18,discharging,11.3,12.967877,77.580291,95.5,28.6
2025-08-29T09:21:50.000+05:30,ev-sensor-2,vibration,0.06,g,warning,65,charging,74.8,12.962072,77.592752,96.6,29.7
2025-08-29T09:22:00.000+05:30,ev-sensor-3,humidity,41.94,%,warning,45,discharging,70.9,12.965328,77.585658,73.7,30.3
2025-08-29T09:22:10.000+05:30,ev-sensor-5,humidity,79.23,%,normal,14,discharging,45.7,12.962327,77.585007,78.6,32.2
2025-08-29T09:22:20.000+05:30,ev-sensor-1,temperature,93.98,°C,warning,87,idle,36.7,12.972857,77.590043,75.4,32.7
2025-08-29T09:22:30.000+05:30,ev-sensor-3,motion,1.0,bool,error,90,idle,38.9,12.970079,77.590918,82.3,33.9
2025-08-29T09:22:40.000+05:30,ev-sensor-2,motion,1.0,bool,normal,13,discharging,73.0,12.971064,77.580534,97.8,32.8
2025-08-29T09:22:50.000+05:30,ev-sensor-2,pressure,1086.31,hPa,error,54,discharging,0.6,12.96723,77.599776,45.5,34.1
2025-08-29T09:23:00.000+05:30,ev-sensor-4,humidity,87.88,%,warning,25,discharging,86.0,12.978755,77.585182,66.8,33.6
2025-08-29T09:23:10.000+05:30,ev-sensor-2,pressure,1086.4,hPa,error,84,charging,80.7,12.961194,77.58299,75.2,32.8
2025-08-29T09:23:20.000+05:30,ev-sensor-3,vibration,0.14,g,normal,17,idle,107.9,12.972316,77.589764,51.5,35.7
2025-08-29T09:23:30.000+05:30,ev-sensor-3,motion,0.0,bool,warning,57,idle,49.0,12.973393,77.597515,98.5,30.6
2025-08-29T09:23:40.000+05:30,ev-sensor-2,motion,0.0,bool,error,87,idle,8.2,12.979759,77.584712,58.8,28.2
2025-08-29T09:23:50.000+05:30,ev-sensor-1,humidity,73.98,%,error,13,charging,52.8,12.968458,77.59337,59.5,33.8
2025-08-29T09:24:00.000+05:30,ev-sensor-2,motion,0.0,bool,normal,18,discharging,41.4,12.963566,77.592158,44.4,28.7
2025-08-29T09:24:10.000+05:30,ev-sensor-4,humidity,21.56,%,error,55,idle,61.9,12.971459,77.58588,41.9,35.8
2025-08-29T09:24:20.000+05:30,ev-sensor-2,humidity,69.6,%,warning,96,discharging,99.6,12.969061,77.595621,45.2,28.6
2025-08-29T09:24:30.000+05:30,ev-sensor-1,humidity,56.18,%,warning,82,discharging,98.5,12.975535,77.598305,43.4,32.8
2025-08-29T09:24:40.000+05:30,ev-sensor-2,humidity,81.03,%,warning,97,discharging,28.4,12.977482,77.583708,66.2,30.2
2025-08-29T09:24:50.000+05:30,ev-sensor-4,humidity,38.01,%,warning,18,idle,51.8,12.975178,77.590858,53.9,34.9
2025-08-29T09:25:00.000+05:30,ev-sensor-4,humidity,66.04,%,normal,84,idle,23.6,12.979366,77.59241,75.4,33.2
2025-08-29T09:25:10.000+05:30,ev-sensor-5,vibration,0.02,g,warning,11,discharging,78.1,12.971358,77.582597,78.2,33.5
2025-08-29T09:25:20.000+05:30,ev-sensor-5,pressure,1002.86,hPa,normal,59,discharging,51.1,12.967159,77.596768,40.1,35.3
2025-08-29T09:25:30.000+05:30,ev-sensor-1,vibration,0.03,g,warning,68,discharging,105.7,12.972534,77.593908,77.1,28.1
2025-08-29T09:25:40.000+05:30,ev-sensor-4,pressure,1025.68,hPa,error,70,idle,103.0,12.970534,77.58375,90.0,29.1
2025-08-29T09:25:50.000+05:30,ev-sensor-2,humidity,42.52,%,warning,56,discharging,110.4,12.975335,77.59464,80.1,35.9
2025-08-29T09:26:00.000+05:30,ev-sensor-1,motion,1.0,bool,warning,93,discharging,58.8,12.977386,77.597557,98.6,30.7
2025-08-29T09:26:10.000+05:30,ev-sensor-3,pressure,971.79,hPa,normal,19,charging,34.1,12.969589,77.58347,49.1,29.7
2025-08-29T09:26:20.000+05:30,ev-sensor-2,humidity,51.83,%,normal,66,idle,40.8,12.961295,77.585669,75.9,34.0
2025-08-29T09:26:30.000+05:30,ev-sensor-3,pressure,1016.26,hPa,error,73,charging,6.0,12.966904,77.587937,77.9,30.5
2025-08-29T09:26:40.000+05:30,ev-sensor-4,motion,1.0,bool,error,45,discharging,43.0,12.960208,77.597084,64.0,32.7
2025-08-29T09:26:50.000+05:30,ev-sensor-4,motion,1.0,bool,normal,100,discharging,30.0,12.974575,77.597648,90.8,32.9
2025-08-29T09:27:00.000+05:30,ev-sensor-3,motion,1.0,bool,normal,63,discharging,39.4,12.965117,77.598723,53.0,35.2
2025-08-29T09:27:10.000+05:30,ev-sensor-4,vibration,0.12,g,error,86,charging,49.1,12.972697,77.589816,59.8,34.6
2025-08-29T09:27:20.000+05:30,ev-sensor-1,pressure,1020.28,hPa,error,58,discharging,104.2,12.964938,77.589906,90.1,32.1
2025-08-29T09:27:30.000+05:30,ev-sensor-4,temperature,85.17,°C,error,44,idle,79.6,12.965041,77.580216,52.2,31.1
2025-08-29T09:27:40.000+05:30,ev-sensor-2,vibration,0.01,g,normal,80,idle,79.3,12.970216,77.580954,54.2,33.3
2025-08-29T09:27:50.000+05:30,ev-sensor-3,humidity,24.58,%,warning,11,idle,4.9,12.979613,77.582637,62.8,32.7
2025-08-29T09:28:00.000+05:30,ev-sensor-5,temperature,87.06,°C,normal,87,idle,101.5,12.961481,77.598565,44.9,35.6
2025-08-29T09:28:10.000+05:30,ev-sensor-3,temperature,90.13,°C,warning,100,idle,104.4,12.964042,77.581115,88.9,28.3
2025-08-29T09:28:20.000+05:30,ev-sensor-1,humidity,67.03,%,error,53,charging,60.9,12.971983,77.591891,83.4,29.4
2025-08-29T09:28:30.000+05:30,ev-sensor-5,vibration,0.1,g,warning,45,discharging,35.2,12.962932,77.593191,41.9,34.4
2025-08-29T09:28:40.000+05:30,ev-sensor-5,motion,1.0,bool,normal,85,charging,116.9,12.97862,77.589766,58.4,34.7
2025-08-29T09:28:50.000+05:30,ev-sensor-4,temperature,98.44,°C,normal,52,discharging,107.9,12.963594,77.591031,93.4,35.8
2025-08-29T09:29:00.000+05:30,ev-sensor-2,pressure,931.18,hPa,warning,94,charging,107.4,12.962558,77.588427,43.2,35.2
2025-08-29T09:29:10.000+05:30,ev-sensor-1,vibration,0.17,g,warning,88,idle,87.1,12.977738,77.58301,63.5,35.2
2025-08-29T09:29:20.000+05:30,ev-sensor-2,temperature,65.54,°C,warning,62,discharging,59.0,12.974545,77.580057,50.7,34.9
2025-08-29T09:29:30.000+05:30,ev-sensor-2,humidity,70.39,%,normal,16,idle,65.3,12.965047,77.589163,64.9,30.8
2025-08-29T09:29:40.000+05:30,ev-sensor-4,motion,0.0,bool,error,62,charging,53.2,12.972219,77.590228,49.1,30.2
2025-08-29T09:29:50.000+05:30,ev-sensor-4,vibration,0.03,g,warning,60,discharging,43.3,12.979096,77.595741,89.8,30.2
2025-08-29T09:30:00.000+05:30,ev-sensor-3,temperature,78.32,°C,warning,71,discharging,17.2,12.966459,77.585156,98.9,32.5
2025-08-29T09:30:10.000+05:30,ev-sensor-3,humidity,20.16,%,error,79,discharging,100.4,12.964334,77.595775,44.1,30.9
2025-08-29T09:30:20.000+05:30,ev-sensor-1,vibration,0.12,g,error,15,idle,107.0,12.968953,77.595032,44.4,29.1
2025-08-29T09:30:30.000+05:30,ev-sensor-2,pressure,1073.62,hPa,normal,15,charging,70.2,12.979184,77.587899,72.3,28.8
2025-08-29T09:30:40.000+05:30,ev-sensor-3,motion,1.0,bool,normal,56,charging,90.3,12.963405,77.588471,47.8,35.2
2025-08-29T09:30:50.000+05:30,ev-sensor-3,temperature,97.97,°C,error,96,idle,108.3,12.974584,77.59634,68.8,32.1
2025-08-29T09:31:00.000+05:30,ev-sensor-3,temperature,78.0,°C,warning,57,discharging,29.7,12.978026,77.591948,66.0,33.3
2025-08-29T09:31:10.000+05:30,ev-sensor-2,pressure,1075.76,hPa,error,65,charging,76.8,12.964145,77.593418,50.1,28.3
2025-08-29T09:31:20.000+05:30,ev-sensor-5,vibration,0.12,g,warning,30,discharging,39.6,12.97634,77.59835,47.4,28.7
2025-08-29T09:31:30.000+05:30,ev-sensor-2,motion,0.0,bool,normal,26,idle,49.3,12.970701,77.582112,42.2,34.8
2025-08-29T09:31:40.000+05:30,ev-sensor-4,motion,1.0,bool,warning,14,charging,56.4,12.975062,77.591317,65.1,29.7
2025-08-29T09:31:50.000+05:30,ev-sensor-1,temperature,79.34,°C,warning,35,idle,114.4,12.96576,77.598334,66.3,35.3
2025-08-29T09:32:00.000+05:30,ev-sensor-5,humidity,33.72,%,normal,78,idle,118.2,12.960138,77.59363,52.2,34.4
2025-08-29T09:32:10.000+05:30,ev-sensor-5,pressure,927.47,hPa,normal,62,charging,97.3,12.968828,77.585936,83.5,29.2
2025-08-29T09:32:20.000+05:30,ev-sensor-4,motion,0.0,bool,normal,22,charging,84.7,12.974515,77.596613,41.8,30.5
2025-08-29T09:32:30.000+05:30,ev-sensor-5,humidity,67.33,%,normal,73,charging,86.4,12.972712,77.59033,47.0,29.5
2025-08-29T09:32:40.000+05:30,ev-sensor-3,temperature,85.08,°C,error,54,idle,49.7,12.972229,77.581756,73.6,31.0
2025-08-29T09:32:50.000+05:30,ev-sensor-5,pressure,993.12,hPa,error,53,discharging,14.3,12.978469,77.582554,59.2,32.7
2025-08-29T09:33:00.000+05:30,ev-sensor-5,motion,0.0,bool,normal,42,charging,27.3,12.967631,77.598965,92.5,35.7
2025-08-29T09:33:10.000+05:30,ev-sensor-3,pressure,1092.04,hPa,warning,93,discharging,2.0,12.968924,77.595185,91.3,30.1
2025-08-29T09:33:20.000+05:30,ev-sensor-5,humidity,76.4,%,warning,88,discharging,35.5,12.961878,77.593563,88.2,31.4
2025-08-29T09:33:30.000+05:30,ev-sensor-1,humidity,49.3,%,warning,47,idle,115.6,12.978593,77.584359,84.9,29.8
2025-08-29T09:33:40.000+05:30,ev-sensor-2,temperature,62.85,°C,error,56,idle,69.2,12.968907,77.585315,63.3,30.9
2025-08-29T09:33:50.000+05:30,ev-sensor-1,vibration,0.18,g,normal,20,idle,10.2,12.973613,77.588035,76.1,32.8
2025-08-29T09:34:00.000+05:30,ev-sensor-5,temperature,95.74,°C,warning,79,discharging,80.6,12.967442,77.582305,74.8,33.1
2025-08-29T09:34:10.000+05:30,ev-sensor-4,motion,1.0,bool,normal,91,discharging,94.0,12.969485,77.593786,42.0,36.0
2025-08-29T09:34:20.000+05:30,ev-sensor-2,temperature,63.23,°C,normal,12,charging,18.5,12.97565,77.59047,49.0,34.0
2025-08-29T09:34:30.000+05:30,ev-sensor-4,temperature,76.33,°C,warning,45,charging,21.3,12.976685,77.581436,47.4,32.8
2025-08-29T09:34:40.000+05:30,ev-sensor-4,humidity,32.85,%,normal,10,charging,12.8,12.961881,77.580504,95.9,33.9
2025-08-29T09:34:50.000+05:30,ev-sensor-3,motion,1.0,bool,warning,41,discharging,51.1,12.963602,77.591147,81.4,34.4
2025-08-29T09:35:00.000+05:30,ev-sensor-3,temperature,74.51,°C,error,63,idle,68.8,12.971329,77.582275,52.3,29.3
2025-08-29T09:35:10.000+05:30,ev-sensor-1,temperature,86.18,°C,normal,82,charging,57.5,12.971828,77.585423,64.5,33.7
2025-08-29T09:35:20.000+05:30,ev-sensor-5,temperature,72.1,°C,warning,29,discharging,104.7,12.972983,77.588715,83.1,32.6
2025-08-29T09:35:30.000+05:30,ev-sensor-4,pressure,1008.19,hPa,normal,98,discharging,77.7,12.965578,77.599726,94.1,32.6
2025-08-29T09:35:40.000+05:30,ev-sensor-1,pressure,996.63,hPa,error,14,idle,27.3,12.963685,77.594841,79.1,33.2
2025-08-29T09:35:50.000+05:30,ev-sensor-3,pressure,986.83,hPa,warning,10,idle,21.5,12.978668,77.586616,99.5,28.7
2025-08-29T09:36:00.000+05:30,ev-sensor-1,pressure,1029.28,hPa,warning,83,idle,107.0,12.975799,77.594326,74.9,32.7
2025-08-29T09:36:10.000+05:30,ev-sensor-4,pressure,1024.12,hPa,normal,24,discharging,38.3,12.963279,77.587047,68.8,28.3
2025-08-29T09:36:20.000+05:30,ev-sensor-5,vibration,0.19,g,error,68,charging,91.4,12.977236,77.59035,62.8,30.7
2025-08-29T09:36:30.000+05:30,ev-sensor-1,pressure,1094.65,hPa,error,34,idle,65.7,12.978623,77.590836,95.2,33.5
2025-08-29T09:36:40.000+05:30,ev-sensor-4,vibration,0.14,g,error,41,idle,61.7,12.966273,77.584116,79.3,31.0
2025-08-29T09:36:50.000+05:30,ev-sensor-2,humidity,55.6,%,warning,62,idle,57.1,12.97929,77.591852,61.4,29.3
2025-08-29T09:37:00.000+05:30,ev-sensor-4,vibration,0.11,g,warning,86,discharging,14.9,12.972671,77.588075,75.3,29.8
2025-08-29T09:37:10.000+05:30,ev-sensor-4,motion,1.0,bool,error,48,idle,17.7,12.967587,77.58843,99.1,28.7
2025-08-29T09:37:20.000+05:30,ev-sensor-5,temperature,63.39,°C,normal,67,idle,28.3,12.962391,77.59673,89.7,29.6
2025-08-29T09:37:30.000+05:30,ev-sensor-1,humidity,83.76,%,error,85,discharging,82.3,12.975458,77.596234,75.2,33.7
2025-08-29T09:37:40.000+05:30,ev-sensor-2,vibration,0.12,g,error,98,idle,112.7,12.976775,77.591697,84.9,31.2
2025-08-29T09:37:50.000+05:30,ev-sensor-2,humidity,33.51,%,normal,48,idle,30.1,12.974949,77.594891,65.9,28.9
2025-08-29T09:38:00.000+05:30,ev-sensor-3,temperature,86.14,°C,normal,64,discharging,38.3,12.979406,77.583132,91.5,34.0
2025-08-29T09:38:10.000+05:30,ev-sensor-5,temperature,77.11,°C,normal,92,idle,71.7,12.972732,77.581177,86.4,29.8
