Timestamp,Device_id,Sensor_type,Value,Unit,Status,Battery_Level(%),Charging_Status,Speed(km/h),GPS_Lat,GPS_Long,Motor_Temp(°C),Tire_Pressure(psi)
2025-08-29T08:15:00.000+05:30,ev-sensor-2,vibration,0.12,g,warning,50,discharging,90.7,12.970347,77.596532,98.3,33.7
2025-08-29T08:15:50.000+05:30,ev-sensor-2,humidity,80.12,%,warning,53,discharging,36.6,12.978188,77.58635,96.4,28.0
2025-08-29T08:16:00.000+05:30,ev-sensor-3,vibration,0.02,g,normal,99,charging,86.0,12.96333,77.593213,89.8,30.8
2025-08-29T08:16:40.000+05:30,ev-sensor-3,pressure,1023.43,hPa,normal,80,charging,24.9,12.971749,77.58831,91.2,32.9
2025-08-29T08:17:50.000+05:30,ev-sensor-1,motion,0.0,bool,error,12,discharging,3.1,12.961342,77.580063,99.8,29.2
2025-08-29T08:18:20.000+05:30,ev-sensor-1,humidity,26.38,%,warning,75,discharging,63.7,12.977873,77.596069,99.5,32.1
2025-08-29T08:18:40.000+05:30,ev-sensor-4,vibration,0.15,g,error,73,charging,9.4,12.97716,77.593535,89.6,28.8
2025-08-29T08:18:50.000+05:30,ev-sensor-3,temperature,84.39,°C,normal,82,charging,59.8,12.968351,77.580509,96.2,34.8
2025-08-29T08:19:00.000+05:30,ev-sensor-1,temperature,61.79,°C,warning,66,idle,91.9,12.961821,77.599669,91.9,33.2
2025-08-29T08:19:30.000+05:30,ev-sensor-2,pressure,1032.78,hPa,normal,75,idle,32.6,12.960298,77.581573,92.8,31.1
2025-08-29T08:20:20.000+05:30,ev-sensor-3,vibration,0.06,g,normal,86,idle,108.2,12.969671,77.597928,91.5,33.7
2025-08-29T08:20:30.000+05:30,ev-sensor-3,motion,1.0,bool,normal,80,idle,107.8,12.960797,77.599683,87.8,29.4
2025-08-29T08:21:00.000+05:30,ev-sensor-5,temperature,61.72,°C,warning,63,idle,78.5,12.962903,77.586403,96.8,28.4
2025-08-29T08:22:10.000+05:30,ev-sensor-4,vibration,0.06,g,warning,50,charging,11.8,12.96845,77.589952,96.3,35.0
2025-08-29T08:22:50.000+05:30,ev-sensor-2,humidity,36.62,%,error,73,charging,9.5,12.9609,77.593867,87.4,34.6
2025-08-29T08:24:00.000+05:30,ev-sensor-5,temperature,90.44,°C,normal,56,charging,70.5,12.977525,77.597618,98.8,31.6
2025-08-29T08:24:50.000+05:30,ev-sensor-5,temperature,76.54,°C,warning,68,charging,27.1,12.970961,77.599712,87.5,29.3
2025-08-29T08:25:20.000+05:30,ev-sensor-3,motion,0.0,bool,warning,55,idle,37.1,12.976298,77.597625,97.8,34.7
2025-08-29T08:25:50.000+05:30,ev-sensor-1,vibration,0.15,g,normal,22,discharging,17.5,12.961557,77.581571,96.7,29.9
2025-08-29T08:26:40.000+05:30,ev-sensor-4,vibration,0.04,g,warning,40,discharging,75.1,12.968992,77.582636,87.4,35.7
2025-08-29T08:26:50.000+05:30,ev-sensor-1,temperature,65.26,°C,error,58,idle,114.8,12.969168,77.58588,97.0,35.0
2025-08-29T08:27:00.000+05:30,ev-sensor-2,pressure,1041.63,hPa,warning,15,charging,30.5,12.979028,77.595496,92.5,33.7
2025-08-29T08:28:50.000+05:30,ev-sensor-3,temperature,79.84,°C,error,93,discharging,0.5,12.975842,77.58761,86.8,30.1
2025-08-29T08:29:20.000+05:30,ev-sensor-1,temperature,76.64,°C,warning,24,charging,0.4,12.975724,77.586776,91.9,33.3
2025-08-29T08:29:40.000+05:30,ev-sensor-4,pressure,933.58,hPa,warning,98,discharging,75.9,12.979974,77.585033,90.0,31.6
2025-08-29T08:30:50.000+05:30,ev-sensor-4,pressure,1093.23,hPa,normal,19,charging,95.5,12.976941,77.591329,91.8,35.6
2025-08-29T08:31:30.000+05:30,ev-sensor-1,humidity,80.87,%,warning,90,charging,116.3,12.974533,77.584112,86.7,29.4
2025-08-29T08:32:10.000+05:30,ev-sensor-5,vibration,0.07,g,warning,83,discharging,14.6,12.975844,77.592342,89.8,28.1
2025-08-29T08:32:50.000+05:30,ev-sensor-2,humidity,37.82,%,error,26,idle,99.4,12.970698,77.588736,89.6,33.6
2025-08-29T08:33:10.000+05:30,ev-sensor-3,motion,1.0,bool,normal,91,idle,86.5,12.979252,77.580908,94.6,33.4
2025-08-29T08:33:20.000+05:30,ev-sensor-5,motion,0.0,bool,normal,69,charging,18.1,12.964359,77.584774,97.6,32.2
2025-08-29T08:34:00.000+05:30,ev-sensor-4,temperature,69.23,°C,normal,89,idle,11.4,12.968642,77.597307,88.6,33.1
2025-08-29T08:34:10.000+05:30,ev-sensor-2,vibration,0.05,g,error,65,charging,28.8,12.961207,77.585725,97.6,29.7
2025-08-29T08:34:30.000+05:30,ev-sensor-5,temperature,84.49,°C,warning,62,idle,36.5,12.969517,77.594334,87.1,35.1
2025-08-29T08:34:40.000+05:30,ev-sensor-2,pressure,975.47,hPa,warning,14,charging,106.2,12.964525,77.5869,86.3,30.5
2025-08-29T08:35:00.000+05:30,ev-sensor-4,temperature,62.65,°C,error,13,charging,32.0,12.976428,77.582521,95.6,35.7
2025-08-29T08:35:20.000+05:30,ev-sensor-1,motion,1.0,bool,normal,61,idle,94.3,12.965576,77.590332,99.9,35.3
2025-08-29T08:35:50.000+05:30,ev-sensor-3,humidity,55.55,%,error,47,idle,11.2,12.966095,77.593238,91.8,33.7
2025-08-29T08:36:40.000+05:30,ev-sensor-2,temperature,70.73,°C,warning,46,discharging,98.6,12.973553,77.590511,95.4,35.9
2025-08-29T08:38:20.000+05:30,ev-sensor-1,humidity,39.69,%,error,61,discharging,10.3,12.977352,77.59269,94.6,31.1
2025-08-29T08:39:00.000+05:30,ev-sensor-5,pressure,1098.01,hPa,warning,16,idle,88.2,12.971376,77.580781,91.6,32.0
2025-08-29T08:39:20.000+05:30,ev-sensor-2,vibration,0.01,g,normal,51,charging,90.4,12.964864,77.588945,90.0,34.2
2025-08-29T08:39:30.000+05:30,ev-sensor-2,motion,1.0,bool,normal,33,charging,20.0,12.972948,77.587221,95.3,32.7
2025-08-29T08:40:10.000+05:30,ev-sensor-1,temperature,79.67,°C,warning,91,charging,108.7,12.96081,77.590865,96.9,34.5
2025-08-29T08:40:20.000+05:30,ev-sensor-1,humidity,79.35,%,normal,61,charging,11.6,12.96885,77.580335,96.4,28.3
2025-08-29T08:41:10.000+05:30,ev-sensor-3,pressure,1056.92,hPa,error,54,discharging,85.3,12.971557,77.5856,85.5,35.7
2025-08-29T08:41:50.000+05:30,ev-sensor-2,temperature,67.66,°C,warning,50,charging,94.1,12.961538,77.581043,90.3,30.1
2025-08-29T08:42:00.000+05:30,ev-sensor-2,motion,1.0,bool,normal,15,discharging,6.0,12.969831,77.597635,95.4,29.2
2025-08-29T08:42:20.000+05:30,ev-sensor-5,humidity,63.34,%,normal,14,discharging,20.1,12.970665,77.589914,88.9,32.3
2025-08-29T08:42:40.000+05:30,ev-sensor-3,vibration,0.01,g,error,35,charging,49.2,12.977414,77.590605,89.7,31.6
2025-08-29T08:43:00.000+05:30,ev-sensor-5,pressure,1033.97,hPa,warning,88,idle,110.9,12.964943,77.588179,88.2,28.9
2025-08-29T08:44:20.000+05:30,ev-sensor-1,pressure,999.33,hPa,warning,36,discharging,118.6,12.962926,77.590807,85.6,34.5
2025-08-29T08:46:00.000+05:30,ev-sensor-5,temperature,95.74,°C,warning,20,discharging,97.7,12.972236,77.593838,98.6,29.2
2025-08-29T08:46:10.000+05:30,ev-sensor-1,motion,1.0,bool,normal,52,charging,118.7,12.963369,77.593651,94.5,33.2
2025-08-29T08:47:20.000+05:30,ev-sensor-4,motion,0.0,bool,normal,35,discharging,108.3,12.963007,77.589414,98.5,32.7
2025-08-29T08:49:40.000+05:30,ev-sensor-5,humidity,49.33,%,warning,41,charging,106.3,12.97336,77.590053,96.0,34.1
2025-08-29T08:51:10.000+05:30,ev-sensor-3,vibration,0.12,g,warning,41,idle,101.2,12.960114,77.592858,93.7,33.8
2025-08-29T08:51:30.000+05:30,ev-sensor-5,temperature,84.36,°C,warning,59,discharging,103.1,12.97925,77.582308,90.5,35.9
2025-08-29T08:53:10.000+05:30,ev-sensor-4,pressure,951.25,hPa,warning,42,discharging,108.6,12.979675,77.587708,89.3,28.4
2025-08-29T08:53:20.000+05:30,ev-sensor-5,temperature,66.4,°C,normal,73,charging,62.2,12.975496,77.598582,91.3,30.5
2025-08-29T08:53:40.000+05:30,ev-sensor-4,temperature,88.08,°C,error,80,idle,78.8,12.961494,77.589089,91.8,31.1
2025-08-29T08:54:00.000+05:30,ev-sensor-2,motion,1.0,bool,normal,44,discharging,63.0,12.974406,77.582851,94.4,29.2
2025-08-29T08:56:20.000+05:30,ev-sensor-1,pressure,1070.29,hPa,error,100,discharging,3.8,12.968769,77.582194,95.4,34.3
2025-08-29T08:57:40.000+05:30,ev-sensor-1,vibration,0.08,g,warning,35,discharging,55.3,12.971297,77.599774,97.5,32.7
2025-08-29T08:58:00.000+05:30,ev-sensor-5,motion,0.0,bool,warning,96,discharging,1.9,12.965205,77.592653,85.1,35.6
2025-08-29T08:58:20.000+05:30,ev-sensor-2,vibration,0.08,g,error,52,charging,105.5,12.963417,77.584514,96.0,31.0
2025-08-29T08:59:00.000+05:30,ev-sensor-5,vibration,0.03,g,normal,79,charging,100.7,12.971295,77.586905,89.2,34.5
2025-08-29T09:00:40.000+05:30,ev-sensor-4,vibration,0.09,g,error,45,discharging,18.1,12.964619,77.597047,88.5,30.2
2025-08-29T09:01:10.000+05:30,ev-sensor-2,temperature,70.48,°C,error,40,charging,82.2,12.970427,77.582835,90.4,33.2
2025-08-29T09:01:20.000+05:30,ev-sensor-1,humidity,37.25,%,error,17,charging,68.9,12.960524,77.581598,94.4,34.9
2025-08-29T09:02:00.000+05:30,ev-sensor-1,motion,0.0,bool,warning,93,charging,10.7,12.979278,77.592922,96.7,32.1
2025-08-29T09:03:00.000+05:30,ev-sensor-3,temperature,76.89,°C,normal,80,idle,44.8,12.973399,77.597154,94.3,33.6
2025-08-29T09:03:10.000+05:30,ev-sensor-5,motion,1.0,bool,warning,19,discharging,93.0,12.967866,77.591299,92.8,35.6
2025-08-29T09:03:50.000+05:30,ev-sensor-4,vibration,0.02,g,warning,20,discharging,69.2,12.969455,77.582166,99.2,29.4
2025-08-29T09:04:40.000+05:30,ev-sensor-2,vibration,0.18,g,error,19,charging,107.8,12.963041,77.587494,99.7,31.2
2025-08-29T09:05:20.000+05:30,ev-sensor-4,motion,1.0,bool,warning,46,discharging,82.9,12.97349,77.581781,96.3,29.5
2025-08-29T09:06:40.000+05:30,ev-sensor-2,humidity,66.8,%,warning,19,charging,11.7,12.968219,77.59918,95.8,34.0
2025-08-29T09:07:10.000+05:30,ev-sensor-2,pressure,995.38,hPa,normal,81,discharging,15.0,12.970652,77.584435,96.5,35.1
2025-08-29T09:09:20.000+05:30,ev-sensor-3,vibration,0.16,g,warning,88,charging,71.7,12.971643,77.58383,95.2,30.1
2025-08-29T09:10:10.000+05:30,ev-sensor-3,humidity,67.24,%,normal,20,discharging,71.0,12.975114,77.581878,93.0,35.4
2025-08-29T09:10:40.000+05:30,ev-sensor-1,humidity,60.92,%,normal,44,idle,58.8,12.961414,77.594061,94.5,33.2
2025-08-29T09:11:00.000+05:30,ev-sensor-4,temperature,61.02,°C,warning,68,discharging,26.8,12.972705,77.595187,88.9,33.1
2025-08-29T09:13:00.000+05:30,ev-sensor-5,temperature,74.82,°C,normal,26,charging,108.5,12.961636,77.59628,99.1,29.9
2025-08-29T09:13:20.000+05:30,ev-sensor-2,pressure,942.82,hPa,normal,98,discharging,58.6,12.977059,77.587154,91.2,35.9
2025-08-29T09:13:30.000+05:30,ev-sensor-5,motion,1.0,bool,warning,84,charging,2.1,12.965955,77.595808,92.9,32.3
2025-08-29T09:13:40.000+05:30,ev-sensor-5,pressure,1075.29,hPa,error,87,idle,82.5,12.977405,77.58666,93.3,30.7
2025-08-29T09:13:50.000+05:30,ev-sensor-1,temperature,60.25,°C,error,22,charging,31.7,12.972195,77.580224,89.9,33.3
2025-08-29T09:14:50.000+05:30,ev-sensor-2,vibration,0.12,g,error,86,charging,73.0,12.974246,77.594929,93.2,30.2
2025-08-29T09:15:50.000+05:30,ev-sensor-3,motion,1.0,bool,error,92,charging,74.7,12.966594,77.589134,92.7,33.2
2025-08-29T09:16:20.000+05:30,ev-sensor-5,temperature,72.3,°C,normal,17,discharging,7.4,12.970852,77.590794,95.3,34.9
2025-08-29T09:17:50.000+05:30,ev-sensor-2,humidity,75.87,%,warning,66,charging,43.8,12.971279,77.581538,96.2,34.2
2025-08-29T09:18:50.000+05:30,ev-sensor-2,vibration,0.18,g,error,36,discharging,68.0,12.971424,77.582368,96.7,28.1
2025-08-29T09:19:00.000+05:30,ev-sensor-4,temperature,87.61,°C,warning,65,charging,105.2,12.973168,77.58189,98.3,29.9
2025-08-29T09:19:10.000+05:30,ev-sensor-2,motion,0.0,bool,normal,23,discharging,12.5,12.961887,77.588596,85.3,35.6
2025-08-29T09:20:30.000+05:30,ev-sensor-1,humidity,82.27,%,warning,77,charging,110.7,12.970452,77.583171,95.6,35.7
2025-08-29T09:21:40.000+05:30,ev-sensor-3,vibration,0.16,g,normal,18,discharging,11.3,12.967877,77.580291,95.5,28.6
2025-08-29T09:21:50.000+05:30,ev-sensor-2,vibration,0.06,g,warning,65,charging,74.8,12.962072,77.592752,96.6,29.7
2025-08-29T09:22:40.000+05:30,ev-sensor-2,motion,1.0,bool,normal,13,discharging,73.0,12.971064,77.580534,97.8,32.8
2025-08-29T09:23:30.000+05:30,ev-sensor-3,motion,0.0,bool,warning,57,idle,49.0,12.973393,77.597515,98.5,30.6
2025-08-29T09:25:40.000+05:30,ev-sensor-4,pressure,1025.68,hPa,error,70,idle,103.0,12.970534,77.58375,90.0,29.1
2025-08-29T09:26:00.000+05:30,ev-sensor-1,motion,1.0,bool,warning,93,discharging,58.8,12.977386,77.597557,98.6,30.7
2025-08-29T09:26:50.000+05:30,ev-sensor-4,motion,1.0,bool,normal,100,discharging,30.0,12.974575,77.597648,90.8,32.9
2025-08-29T09:27:20.000+05:30,ev-sensor-1,pressure,1020.28,hPa,error,58,discharging,104.2,12.964938,77.589906,90.1,32.1
2025-08-29T09:28:10.000+05:30,ev-sensor-3,temperature,90.13,°C,warning,100,idle,104.4,12.964042,77.581115,88.9,28.3
2025-08-29T09:28:50.000+05:30,ev-sensor-4,temperature,98.44,°C,normal,52,discharging,107.9,12.963594,77.591031,93.4,35.8
2025-08-29T09:29:50.000+05:30,ev-sensor-4,vibration,0.03,g,warning,60,discharging,43.3,12.979096,77.595741,89.8,30.2
2025-08-29T09:30:00.000+05:30,ev-sensor-3,temperature,78.32,°C,warning,71,discharging,17.2,12.966459,77.585156,98.9,32.5
2025-08-29T09:33:00.000+05:30,ev-sensor-5,motion,0.0,bool,normal,42,charging,27.3,12.967631,77.598965,92.5,35.7
2025-08-29T09:33:10.000+05:30,ev-sensor-3,pressure,1092.04,hPa,warning,93,discharging,2.0,12.968924,77.595185,91.3,30.1
2025-08-29T09:33:20.000+05:30,ev-sensor-5,humidity,76.4,%,warning,88,discharging,35.5,12.961878,77.593563,88.2,31.4
2025-08-29T09:34:40.000+05:30,ev-sensor-4,humidity,32.85,%,normal,10,charging,12.8,12.961881,77.580504,95.9,33.9
2025-08-29T09:35:30.000+05:30,ev-sensor-4,pressure,1008.19,hPa,normal,98,discharging,77.7,12.965578,77.599726,94.1,32.6
2025-08-29T09:35:50.000+05:30,ev-sensor-3,pressure,986.83,hPa,warning,10,idle,21.5,12.978668,77.586616,99.5,28.7
2025-08-29T09:36:30.000+05:30,ev-sensor-1,pressure,1094.65,hPa,error,34,idle,65.7,12.978623,77.590836,95.2,33.5
2025-08-29T09:37:10.000+05:30,ev-sensor-4,motion,1.0,bool,error,48,idle,17.7,12.967587,77.58843,99.1,28.7
2025-08-29T09:37:20.000+05:30,ev-sensor-5,temperature,63.39,°C,normal,67,idle,28.3,12.962391,77.59673,89.7,29.6
2025-08-29T09:38:00.000+05:30,ev-sensor-3,temperature,86.14,°C,normal,64,discharging,38.3,12.979406,77.583132,91.5,34.0
2025-08-29T09:38:10.000+05:30,ev-sensor-5,temperature,77.11,°C,normal,92,idle,71.7,12.972732,77.581177,86.4,29.8
